,team,total,team_opp,total_opp,season,date,mp,mp.1,fg,fga,fg%,3p,3pa,3p%,ft,fta,ft%,orb,drb,trb,ast,stl,blk,tov,pf,pts,+/-,ts%,efg%,3par,ftr,orb%,drb%,trb%,ast%,stl%,blk%,tov%,usg%,ortg,drtg,mp_max,mp_max.1,fg_max,fga_max,fg%_max,3p_max,3pa_max,3p%_max,ft_max,fta_max,ft%_max,orb_max,drb_max,trb_max,ast_max,stl_max,blk_max,tov_max,pf_max,pts_max,+/-_max,ts%_max,efg%_max,3par_max,ftr_max,orb%_max,drb%_max,trb%_max,ast%_max,stl%_max,blk%_max,tov%_max,usg%_max,ortg_max,drtg_max,home,index_opp,mp_opp,mp_opp.1,fg_opp,fga_opp,fg%_opp,3p_opp,3pa_opp,3p%_opp,ft_opp,fta_opp,ft%_opp,orb_opp,drb_opp,trb_opp,ast_opp,stl_opp,blk_opp,tov_opp,pf_opp,pts_opp,+/-_opp,ts%_opp,efg%_opp,3par_opp,ftr_opp,orb%_opp,drb%_opp,trb%_opp,ast%_opp,stl%_opp,blk%_opp,tov%_opp,usg%_opp,ortg_opp,drtg_opp,mp_max_opp,mp_max_opp.1,fg_max_opp,fga_max_opp,fg%_max_opp,3p_max_opp,3pa_max_opp,3p%_max_opp,ft_max_opp,fta_max_opp,ft%_max_opp,orb_max_opp,drb_max_opp,trb_max_opp,ast_max_opp,stl_max_opp,blk_max_opp,tov_max_opp,pf_max_opp,pts_max_opp,+/-_max_opp,ts%_max_opp,efg%_max_opp,3par_max_opp,ftr_max_opp,orb%_max_opp,drb%_max_opp,trb%_max_opp,ast%_max_opp,stl%_max_opp,blk%_max_opp,tov%_max_opp,usg%_max_opp,ortg_max_opp,drtg_max_opp,home_opp,won
0,GSW,103,BOS,90,2022,2022-06-16,240.0,240.0,38.0,92.0,0.413,19.0,46.0,0.413,8.0,8.0,1.0,15.0,29.0,44.0,27.0,13.0,7.0,15.0,20.0,103.0,,0.539,0.516,0.5,0.087,33.3,72.5,51.8,71.1,14.1,13.5,13.6,100.0,111.8,97.7,,,12.0,21.0,0.667,6.0,11.0,0.667,4.0,4.0,1.0,6.0,8.0,12.0,8.0,4.0,3.0,5.0,5.0,34.0,18.0,1.0,1.0,1.0,0.333,29.5,23.0,18.2,35.7,7.9,6.3,33.3,31.5,186.0,111.0,0,1,240.0,240.0,34.0,80.0,0.425,11.0,28.0,0.393,11.0,12.0,0.917,11.0,30.0,41.0,27.0,8.0,8.0,22.0,16.0,90.0,,0.528,0.494,0.35,0.15,27.5,66.7,48.2,79.4,8.7,17.4,20.5,100.0,97.7,111.8,,,12.0,23.0,0.75,5.0,11.0,0.8,5.0,6.0,1.0,5.0,11.0,14.0,9.0,3.0,5.0,5.0,5.0,34.0,7.0,1.019,1.0,1.0,0.5,18.4,100.0,53.8,38.7,3.9,16.0,100.0,42.6,141.0,126.0,1,True
1,BOS,90,GSW,103,2022,2022-06-16,240.0,240.0,34.0,80.0,0.425,11.0,28.0,0.393,11.0,12.0,0.917,11.0,30.0,41.0,27.0,8.0,8.0,22.0,16.0,90.0,,0.528,0.494,0.35,0.15,27.5,66.7,48.2,79.4,8.7,17.4,20.5,100.0,97.7,111.8,,,12.0,23.0,0.75,5.0,11.0,0.8,5.0,6.0,1.0,5.0,11.0,14.0,9.0,3.0,5.0,5.0,5.0,34.0,7.0,1.019,1.0,1.0,0.5,18.4,100.0,53.8,38.7,3.9,16.0,100.0,42.6,141.0,126.0,1,0,240.0,240.0,38.0,92.0,0.413,19.0,46.0,0.413,8.0,8.0,1.0,15.0,29.0,44.0,27.0,13.0,7.0,15.0,20.0,103.0,,0.539,0.516,0.5,0.087,33.3,72.5,51.8,71.1,14.1,13.5,13.6,100.0,111.8,97.7,,,12.0,21.0,0.667,6.0,11.0,0.667,4.0,4.0,1.0,6.0,8.0,12.0,8.0,4.0,3.0,5.0,5.0,34.0,18.0,1.0,1.0,1.0,0.333,29.5,23.0,18.2,35.7,7.9,6.3,33.3,31.5,186.0,111.0,0,False
2,GSW,104,BOS,94,2022,2022-06-13,240.0,240.0,41.0,88.0,0.466,9.0,40.0,0.225,13.0,15.0,0.867,4.0,35.0,39.0,23.0,9.0,2.0,6.0,28.0,104.0,,0.55,0.517,0.455,0.17,9.3,81.4,45.3,56.1,9.4,4.7,6.0,100.0,108.4,97.9,,,12.0,23.0,0.75,5.0,11.0,0.5,3.0,3.0,1.0,1.0,12.0,13.0,8.0,3.0,1.0,2.0,6.0,26.0,16.0,0.845,0.813,1.0,0.375,6.7,31.5,17.1,59.5,5.7,7.6,33.3,36.2,222.0,107.0,1,0,240.0,240.0,31.0,75.0,0.413,11.0,32.0,0.344,21.0,31.0,0.677,8.0,39.0,47.0,18.0,2.0,2.0,18.0,16.0,94.0,,0.53,0.487,0.427,0.413,18.6,90.7,54.7,58.1,2.1,4.2,16.9,100.0,97.9,108.4,,,10.0,20.0,1.0,5.0,9.0,1.0,8.0,10.0,1.0,3.0,10.0,10.0,4.0,1.0,2.0,5.0,4.0,27.0,11.0,1.5,1.5,1.0,4.0,84.8,84.8,42.4,100.0,2.3,12.4,45.0,94.4,300.0,112.0,0,True
3,BOS,94,GSW,104,2022,2022-06-13,240.0,240.0,31.0,75.0,0.413,11.0,32.0,0.344,21.0,31.0,0.677,8.0,39.0,47.0,18.0,2.0,2.0,18.0,16.0,94.0,,0.53,0.487,0.427,0.413,18.6,90.7,54.7,58.1,2.1,4.2,16.9,100.0,97.9,108.4,,,10.0,20.0,1.0,5.0,9.0,1.0,8.0,10.0,1.0,3.0,10.0,10.0,4.0,1.0,2.0,5.0,4.0,27.0,11.0,1.5,1.5,1.0,4.0,84.8,84.8,42.4,100.0,2.3,12.4,45.0,94.4,300.0,112.0,0,1,240.0,240.0,41.0,88.0,0.466,9.0,40.0,0.225,13.0,15.0,0.867,4.0,35.0,39.0,23.0,9.0,2.0,6.0,28.0,104.0,,0.55,0.517,0.455,0.17,9.3,81.4,45.3,56.1,9.4,4.7,6.0,100.0,108.4,97.9,,,12.0,23.0,0.75,5.0,11.0,0.5,3.0,3.0,1.0,1.0,12.0,13.0,8.0,3.0,1.0,2.0,6.0,26.0,16.0,0.845,0.813,1.0,0.375,6.7,31.5,17.1,59.5,5.7,7.6,33.3,36.2,222.0,107.0,1,False
4,BOS,97,GSW,107,2022,2022-06-10,240.0,240.0,34.0,85.0,0.4,15.0,38.0,0.395,14.0,19.0,0.737,11.0,31.0,42.0,22.0,8.0,6.0,15.0,17.0,97.0,,0.519,0.488,0.447,0.224,22.0,66.0,43.3,64.7,8.4,12.5,13.8,100.0,102.1,112.6,,,9.0,23.0,1.0,4.0,9.0,0.6,5.0,5.0,1.0,4.0,8.0,12.0,6.0,4.0,3.0,6.0,5.0,23.0,6.0,0.902,1.0,1.0,1.0,12.2,26.0,18.9,27.0,5.1,7.0,25.8,32.4,205.0,120.0,1,0,240.0,240.0,40.0,91.0,0.44,15.0,43.0,0.349,12.0,15.0,0.8,16.0,39.0,55.0,20.0,10.0,5.0,16.0,21.0,107.0,,0.548,0.522,0.473,0.165,34.0,78.0,56.7,50.0,10.5,10.6,14.1,100.0,112.6,102.1,,,14.0,26.0,0.75,7.0,14.0,0.5,8.0,9.0,1.0,5.0,13.0,16.0,8.0,4.0,2.0,5.0,4.0,43.0,21.0,0.75,0.75,1.0,1.0,15.5,29.1,20.0,30.2,6.1,10.3,42.9,36.3,133.0,112.0,0,False
5,GSW,107,BOS,97,2022,2022-06-10,240.0,240.0,40.0,91.0,0.44,15.0,43.0,0.349,12.0,15.0,0.8,16.0,39.0,55.0,20.0,10.0,5.0,16.0,21.0,107.0,,0.548,0.522,0.473,0.165,34.0,78.0,56.7,50.0,10.5,10.6,14.1,100.0,112.6,102.1,,,14.0,26.0,0.75,7.0,14.0,0.5,8.0,9.0,1.0,5.0,13.0,16.0,8.0,4.0,2.0,5.0,4.0,43.0,21.0,0.75,0.75,1.0,1.0,15.5,29.1,20.0,30.2,6.1,10.3,42.9,36.3,133.0,112.0,0,1,240.0,240.0,34.0,85.0,0.4,15.0,38.0,0.395,14.0,19.0,0.737,11.0,31.0,42.0,22.0,8.0,6.0,15.0,17.0,97.0,,0.519,0.488,0.447,0.224,22.0,66.0,43.3,64.7,8.4,12.5,13.8,100.0,102.1,112.6,,,9.0,23.0,1.0,4.0,9.0,0.6,5.0,5.0,1.0,4.0,8.0,12.0,6.0,4.0,3.0,6.0,5.0,23.0,6.0,0.902,1.0,1.0,1.0,12.2,26.0,18.9,27.0,5.1,7.0,25.8,32.4,205.0,120.0,1,True
6,GSW,100,BOS,116,2022,2022-06-08,240.0,240.0,36.0,78.0,0.462,15.0,40.0,0.375,13.0,15.0,0.867,6.0,25.0,31.0,22.0,7.0,5.0,16.0,23.0,100.0,,0.591,0.558,0.513,0.192,15.8,62.5,39.7,61.1,7.6,9.3,15.9,100.0,108.1,125.4,,,12.0,22.0,0.75,6.0,13.0,0.667,6.0,6.0,1.0,3.0,6.0,7.0,4.0,2.0,2.0,3.0,6.0,31.0,4.0,1.0,1.0,1.0,1.0,22.5,51.8,26.6,38.6,4.5,38.4,100.0,32.7,164.0,135.0,0,1,240.0,240.0,43.0,89.0,0.483,13.0,35.0,0.371,17.0,24.0,0.708,15.0,32.0,47.0,28.0,7.0,7.0,12.0,17.0,116.0,,0.583,0.556,0.393,0.27,37.5,84.2,60.3,65.1,7.6,18.4,10.8,100.0,125.4,108.1,,,9.0,23.0,0.8,4.0,9.0,1.0,5.0,7.0,1.0,3.0,7.0,10.0,9.0,3.0,4.0,5.0,3.0,27.0,21.0,0.8,0.8,1.0,0.412,17.9,62.1,30.3,32.1,6.0,19.5,33.3,28.8,175.0,117.0,1,False
7,BOS,116,GSW,100,2022,2022-06-08,240.0,240.0,43.0,89.0,0.483,13.0,35.0,0.371,17.0,24.0,0.708,15.0,32.0,47.0,28.0,7.0,7.0,12.0,17.0,116.0,,0.583,0.556,0.393,0.27,37.5,84.2,60.3,65.1,7.6,18.4,10.8,100.0,125.4,108.1,,,9.0,23.0,0.8,4.0,9.0,1.0,5.0,7.0,1.0,3.0,7.0,10.0,9.0,3.0,4.0,5.0,3.0,27.0,21.0,0.8,0.8,1.0,0.412,17.9,62.1,30.3,32.1,6.0,19.5,33.3,28.8,175.0,117.0,1,0,240.0,240.0,36.0,78.0,0.462,15.0,40.0,0.375,13.0,15.0,0.867,6.0,25.0,31.0,22.0,7.0,5.0,16.0,23.0,100.0,,0.591,0.558,0.513,0.192,15.8,62.5,39.7,61.1,7.6,9.3,15.9,100.0,108.1,125.4,,,12.0,22.0,0.75,6.0,13.0,0.667,6.0,6.0,1.0,3.0,6.0,7.0,4.0,2.0,2.0,3.0,6.0,31.0,4.0,1.0,1.0,1.0,1.0,22.5,51.8,26.6,38.6,4.5,38.4,100.0,32.7,164.0,135.0,0,True
8,GSW,107,BOS,88,2022,2022-06-05,240.0,240.0,39.0,86.0,0.453,15.0,37.0,0.405,14.0,20.0,0.7,6.0,36.0,42.0,25.0,15.0,2.0,12.0,17.0,107.0,,0.564,0.541,0.43,0.233,14.0,85.7,49.4,64.1,15.3,4.7,11.2,100.0,109.1,89.7,,,9.0,21.0,1.0,5.0,12.0,1.0,6.0,7.0,1.0,3.0,6.0,7.0,7.0,3.0,1.0,3.0,3.0,29.0,24.0,1.5,1.5,1.0,2.333,11.0,63.8,31.5,68.7,9.9,5.2,50.0,36.4,263.0,103.0,1,0,240.0,240.0,30.0,80.0,0.375,15.0,37.0,0.405,13.0,17.0,0.765,6.0,37.0,43.0,24.0,5.0,7.0,18.0,18.0,88.0,,0.503,0.469,0.463,0.213,14.3,86.0,50.6,80.0,5.1,14.3,17.1,100.0,89.7,109.1,,,8.0,19.0,1.0,6.0,9.0,1.0,6.0,8.0,1.0,2.0,6.0,8.0,5.0,1.0,2.0,5.0,4.0,28.0,10.0,1.5,1.5,1.0,1.0,12.3,93.5,47.3,80.7,4.6,14.0,50.0,35.2,300.0,117.0,0,True
9,BOS,88,GSW,107,2022,2022-06-05,240.0,240.0,30.0,80.0,0.375,15.0,37.0,0.405,13.0,17.0,0.765,6.0,37.0,43.0,24.0,5.0,7.0,18.0,18.0,88.0,,0.503,0.469,0.463,0.213,14.3,86.0,50.6,80.0,5.1,14.3,17.1,100.0,89.7,109.1,,,8.0,19.0,1.0,6.0,9.0,1.0,6.0,8.0,1.0,2.0,6.0,8.0,5.0,1.0,2.0,5.0,4.0,28.0,10.0,1.5,1.5,1.0,1.0,12.3,93.5,47.3,80.7,4.6,14.0,50.0,35.2,300.0,117.0,0,1,240.0,240.0,39.0,86.0,0.453,15.0,37.0,0.405,14.0,20.0,0.7,6.0,36.0,42.0,25.0,15.0,2.0,12.0,17.0,107.0,,0.564,0.541,0.43,0.233,14.0,85.7,49.4,64.1,15.3,4.7,11.2,100.0,109.1,89.7,,,9.0,21.0,1.0,5.0,12.0,1.0,6.0,7.0,1.0,3.0,6.0,7.0,7.0,3.0,1.0,3.0,3.0,29.0,24.0,1.5,1.5,1.0,2.333,11.0,63.8,31.5,68.7,9.9,5.2,50.0,36.4,263.0,103.0,1,False
10,GSW,108,BOS,120,2022,2022-06-02,240.0,240.0,39.0,88.0,0.443,19.0,45.0,0.422,11.0,15.0,0.733,12.0,27.0,39.0,24.0,8.0,6.0,14.0,16.0,108.0,,0.571,0.551,0.511,0.17,27.3,79.4,50.0,61.5,8.5,13.6,12.9,100.0,115.0,127.8,,,12.0,25.0,1.0,7.0,14.0,1.0,4.0,4.0,1.0,6.0,8.0,11.0,5.0,3.0,3.0,4.0,6.0,34.0,3.0,1.5,1.5,1.0,0.571,100.0,29.7,76.9,100.0,4.3,13.0,31.3,55.2,287.0,137.0,1,0,240.0,240.0,43.0,85.0,0.506,21.0,41.0,0.512,13.0,16.0,0.813,7.0,32.0,39.0,33.0,7.0,6.0,12.0,13.0,120.0,,0.652,0.629,0.482,0.188,20.6,72.7,50.0,76.7,7.5,14.0,11.5,100.0,127.8,115.0,,,10.0,23.0,1.0,6.0,8.0,1.0,5.0,7.0,1.0,2.0,5.0,7.0,13.0,2.0,4.0,4.0,3.0,26.0,25.0,1.5,1.5,1.0,0.412,11.7,35.1,23.8,38.0,3.4,18.7,33.3,33.8,300.0,126.0,0,False
11,BOS,120,GSW,108,2022,2022-06-02,240.0,240.0,43.0,85.0,0.506,21.0,41.0,0.512,13.0,16.0,0.813,7.0,32.0,39.0,33.0,7.0,6.0,12.0,13.0,120.0,,0.652,0.629,0.482,0.188,20.6,72.7,50.0,76.7,7.5,14.0,11.5,100.0,127.8,115.0,,,10.0,23.0,1.0,6.0,8.0,1.0,5.0,7.0,1.0,2.0,5.0,7.0,13.0,2.0,4.0,4.0,3.0,26.0,25.0,1.5,1.5,1.0,0.412,11.7,35.1,23.8,38.0,3.4,18.7,33.3,33.8,300.0,126.0,0,1,240.0,240.0,39.0,88.0,0.443,19.0,45.0,0.422,11.0,15.0,0.733,12.0,27.0,39.0,24.0,8.0,6.0,14.0,16.0,108.0,,0.571,0.551,0.511,0.17,27.3,79.4,50.0,61.5,8.5,13.6,12.9,100.0,115.0,127.8,,,12.0,25.0,1.0,7.0,14.0,1.0,4.0,4.0,1.0,6.0,8.0,11.0,5.0,3.0,3.0,4.0,6.0,34.0,3.0,1.5,1.5,1.0,0.571,100.0,29.7,76.9,100.0,4.3,13.0,31.3,55.2,287.0,137.0,1,True
12,BOS,100,MIA,96,2022,2022-05-29,240.0,240.0,35.0,85.0,0.412,11.0,32.0,0.344,19.0,24.0,0.792,10.0,41.0,51.0,22.0,4.0,6.0,13.0,26.0,100.0,,0.523,0.476,0.376,0.282,21.3,85.4,53.7,62.9,4.1,10.3,12.0,100.0,103.2,99.0,,,9.0,22.0,0.625,4.0,10.0,0.667,7.0,8.0,1.0,3.0,12.0,14.0,6.0,2.0,2.0,4.0,5.0,26.0,10.0,0.648,0.625,0.667,1.0,10.2,27.3,16.1,25.2,2.4,4.4,27.3,27.8,117.0,105.0,0,1,240.0,240.0,37.0,88.0,0.42,6.0,30.0,0.2,16.0,24.0,0.667,7.0,37.0,44.0,16.0,4.0,5.0,8.0,18.0,96.0,,0.487,0.455,0.341,0.273,14.6,78.7,46.3,43.2,4.1,9.4,7.5,100.0,99.0,103.2,,,13.0,24.0,0.571,2.0,7.0,0.333,8.0,11.0,1.0,4.0,8.0,11.0,4.0,2.0,2.0,2.0,4.0,35.0,16.0,0.607,0.571,0.75,0.75,8.7,24.0,12.0,19.3,2.6,13.5,40.0,28.0,123.0,111.0,1,True
13,MIA,96,BOS,100,2022,2022-05-29,240.0,240.0,37.0,88.0,0.42,6.0,30.0,0.2,16.0,24.0,0.667,7.0,37.0,44.0,16.0,4.0,5.0,8.0,18.0,96.0,,0.487,0.455,0.341,0.273,14.6,78.7,46.3,43.2,4.1,9.4,7.5,100.0,99.0,103.2,,,13.0,24.0,0.571,2.0,7.0,0.333,8.0,11.0,1.0,4.0,8.0,11.0,4.0,2.0,2.0,2.0,4.0,35.0,16.0,0.607,0.571,0.75,0.75,8.7,24.0,12.0,19.3,2.6,13.5,40.0,28.0,123.0,111.0,1,0,240.0,240.0,35.0,85.0,0.412,11.0,32.0,0.344,19.0,24.0,0.792,10.0,41.0,51.0,22.0,4.0,6.0,13.0,26.0,100.0,,0.523,0.476,0.376,0.282,21.3,85.4,53.7,62.9,4.1,10.3,12.0,100.0,103.2,99.0,,,9.0,22.0,0.625,4.0,10.0,0.667,7.0,8.0,1.0,3.0,12.0,14.0,6.0,2.0,2.0,4.0,5.0,26.0,10.0,0.648,0.625,0.667,1.0,10.2,27.3,16.1,25.2,2.4,4.4,27.3,27.8,117.0,105.0,0,False
14,MIA,111,BOS,103,2022,2022-05-27,240.0,240.0,36.0,78.0,0.462,15.0,35.0,0.429,24.0,25.0,0.96,11.0,26.0,37.0,25.0,10.0,2.0,17.0,27.0,111.0,,0.624,0.558,0.449,0.321,28.2,81.3,52.1,69.4,10.8,5.1,16.0,100.0,119.5,110.9,,,16.0,29.0,0.75,4.0,9.0,1.0,11.0,11.0,1.0,3.0,6.0,9.0,10.0,4.0,1.0,4.0,6.0,47.0,12.0,0.955,1.0,1.0,1.0,20.5,26.8,16.9,44.2,4.5,3.3,42.9,34.3,163.0,120.0,0,1,240.0,240.0,32.0,72.0,0.444,11.0,33.0,0.333,28.0,31.0,0.903,6.0,28.0,34.0,22.0,10.0,4.0,17.0,28.0,103.0,,0.601,0.521,0.458,0.431,18.8,71.8,47.9,68.8,10.8,9.3,16.6,100.0,110.9,119.5,,,9.0,15.0,0.75,4.0,9.0,0.571,8.0,9.0,1.0,2.0,8.0,9.0,5.0,3.0,2.0,7.0,6.0,30.0,5.0,0.966,0.917,1.0,1.0,9.1,26.2,18.5,33.5,4.7,8.5,31.1,23.8,144.0,131.0,1,True
15,BOS,103,MIA,111,2022,2022-05-27,240.0,240.0,32.0,72.0,0.444,11.0,33.0,0.333,28.0,31.0,0.903,6.0,28.0,34.0,22.0,10.0,4.0,17.0,28.0,103.0,,0.601,0.521,0.458,0.431,18.8,71.8,47.9,68.8,10.8,9.3,16.6,100.0,110.9,119.5,,,9.0,15.0,0.75,4.0,9.0,0.571,8.0,9.0,1.0,2.0,8.0,9.0,5.0,3.0,2.0,7.0,6.0,30.0,5.0,0.966,0.917,1.0,1.0,9.1,26.2,18.5,33.5,4.7,8.5,31.1,23.8,144.0,131.0,1,0,240.0,240.0,36.0,78.0,0.462,15.0,35.0,0.429,24.0,25.0,0.96,11.0,26.0,37.0,25.0,10.0,2.0,17.0,27.0,111.0,,0.624,0.558,0.449,0.321,28.2,81.3,52.1,69.4,10.8,5.1,16.0,100.0,119.5,110.9,,,16.0,29.0,0.75,4.0,9.0,1.0,11.0,11.0,1.0,3.0,6.0,9.0,10.0,4.0,1.0,4.0,6.0,47.0,12.0,0.955,1.0,1.0,1.0,20.5,26.8,16.9,44.2,4.5,3.3,42.9,34.3,163.0,120.0,0,False
16,GSW,120,DAL,110,2022,2022-05-26,240.0,240.0,45.0,88.0,0.511,14.0,36.0,0.389,16.0,16.0,1.0,14.0,37.0,51.0,36.0,6.0,3.0,10.0,20.0,120.0,,0.631,0.591,0.409,0.182,33.3,86.0,60.0,80.0,6.6,7.5,9.5,100.0,132.3,121.3,,,12.0,25.0,0.857,8.0,16.0,1.0,4.0,4.0,1.0,7.0,11.0,18.0,9.0,3.0,1.0,3.0,5.0,32.0,18.0,0.97,0.929,0.64,0.667,26.1,40.0,33.1,38.4,4.6,11.3,25.5,31.8,184.0,129.0,1,0,240.0,240.0,37.0,82.0,0.451,17.0,42.0,0.405,19.0,25.0,0.76,6.0,28.0,34.0,22.0,6.0,4.0,7.0,18.0,110.0,,0.591,0.555,0.512,0.305,14.0,66.7,40.0,59.5,6.6,7.7,7.0,100.0,121.3,132.3,,,10.0,28.0,1.0,5.0,13.0,0.714,7.0,9.0,1.0,1.0,8.0,9.0,6.0,2.0,2.0,4.0,4.0,28.0,6.0,1.042,1.0,1.0,2.0,54.9,29.6,27.8,100.0,26.0,5.7,100.0,70.8,224.0,142.0,0,True
17,DAL,110,GSW,120,2022,2022-05-26,240.0,240.0,37.0,82.0,0.451,17.0,42.0,0.405,19.0,25.0,0.76,6.0,28.0,34.0,22.0,6.0,4.0,7.0,18.0,110.0,,0.591,0.555,0.512,0.305,14.0,66.7,40.0,59.5,6.6,7.7,7.0,100.0,121.3,132.3,,,10.0,28.0,1.0,5.0,13.0,0.714,7.0,9.0,1.0,1.0,8.0,9.0,6.0,2.0,2.0,4.0,4.0,28.0,6.0,1.042,1.0,1.0,2.0,54.9,29.6,27.8,100.0,26.0,5.7,100.0,70.8,224.0,142.0,0,1,240.0,240.0,45.0,88.0,0.511,14.0,36.0,0.389,16.0,16.0,1.0,14.0,37.0,51.0,36.0,6.0,3.0,10.0,20.0,120.0,,0.631,0.591,0.409,0.182,33.3,86.0,60.0,80.0,6.6,7.5,9.5,100.0,132.3,121.3,,,12.0,25.0,0.857,8.0,16.0,1.0,4.0,4.0,1.0,7.0,11.0,18.0,9.0,3.0,1.0,3.0,5.0,32.0,18.0,0.97,0.929,0.64,0.667,26.1,40.0,33.1,38.4,4.6,11.3,25.5,31.8,184.0,129.0,1,False
18,BOS,93,MIA,80,2022,2022-05-25,240.0,240.0,33.0,71.0,0.465,10.0,33.0,0.303,17.0,23.0,0.739,6.0,40.0,46.0,24.0,5.0,7.0,15.0,19.0,93.0,,0.573,0.535,0.465,0.324,16.7,67.8,48.4,72.7,5.6,14.3,15.6,100.0,104.5,89.9,,,10.0,20.0,1.0,5.0,9.0,0.556,6.0,8.0,1.0,3.0,10.0,12.0,9.0,2.0,3.0,5.0,4.0,25.0,20.0,1.042,1.0,1.0,1.0,14.9,21.3,18.9,38.2,3.7,11.0,24.4,65.1,221.0,104.0,0,1,240.0,240.0,30.0,94.0,0.319,7.0,45.0,0.156,13.0,14.0,0.929,19.0,30.0,49.0,14.0,7.0,2.0,12.0,19.0,80.0,,0.399,0.356,0.479,0.149,32.2,83.3,51.6,46.7,7.9,5.3,10.7,100.0,89.9,104.5,,,8.0,18.0,1.0,3.0,10.0,0.333,4.0,4.0,1.0,6.0,5.0,11.0,4.0,2.0,1.0,4.0,5.0,18.0,4.0,1.0,1.0,0.833,0.444,53.1,87.0,65.9,24.0,7.1,3.3,100.0,33.3,200.0,112.0,1,True
19,MIA,80,BOS,93,2022,2022-05-25,240.0,240.0,30.0,94.0,0.319,7.0,45.0,0.156,13.0,14.0,0.929,19.0,30.0,49.0,14.0,7.0,2.0,12.0,19.0,80.0,,0.399,0.356,0.479,0.149,32.2,83.3,51.6,46.7,7.9,5.3,10.7,100.0,89.9,104.5,,,8.0,18.0,1.0,3.0,10.0,0.333,4.0,4.0,1.0,6.0,5.0,11.0,4.0,2.0,1.0,4.0,5.0,18.0,4.0,1.0,1.0,0.833,0.444,53.1,87.0,65.9,24.0,7.1,3.3,100.0,33.3,200.0,112.0,1,0,240.0,240.0,33.0,71.0,0.465,10.0,33.0,0.303,17.0,23.0,0.739,6.0,40.0,46.0,24.0,5.0,7.0,15.0,19.0,93.0,,0.573,0.535,0.465,0.324,16.7,67.8,48.4,72.7,5.6,14.3,15.6,100.0,104.5,89.9,,,10.0,20.0,1.0,5.0,9.0,0.556,6.0,8.0,1.0,3.0,10.0,12.0,9.0,2.0,3.0,5.0,4.0,25.0,20.0,1.042,1.0,1.0,1.0,14.9,21.3,18.9,38.2,3.7,11.0,24.4,65.1,221.0,104.0,0,False
20,GSW,109,DAL,119,2022,2022-05-24,240.0,240.0,41.0,84.0,0.488,10.0,28.0,0.357,17.0,26.0,0.654,6.0,36.0,42.0,26.0,5.0,4.0,8.0,18.0,109.0,,0.571,0.548,0.333,0.31,12.8,90.0,48.3,63.4,5.2,10.3,7.7,100.0,114.2,124.6,,,7.0,16.0,1.0,2.0,6.0,0.667,6.0,8.0,1.0,3.0,8.0,8.0,8.0,2.0,2.0,2.0,6.0,20.0,18.0,1.0,1.0,0.6,1.0,13.4,44.3,21.7,38.4,4.4,9.5,18.8,35.4,209.0,131.0,0,1,240.0,240.0,41.0,82.0,0.5,20.0,43.0,0.465,17.0,22.0,0.773,4.0,41.0,45.0,30.0,4.0,6.0,8.0,19.0,119.0,,0.649,0.622,0.524,0.268,10.0,87.2,51.7,73.2,4.2,10.7,8.0,100.0,124.6,114.2,,,10.0,26.0,1.0,6.0,11.0,1.0,7.0,10.0,1.0,2.0,14.0,14.0,9.0,2.0,3.0,3.0,5.0,30.0,18.0,1.25,1.25,1.0,0.571,12.3,42.0,28.4,40.5,3.0,11.6,25.5,42.7,250.0,121.0,1,False
21,DAL,119,GSW,109,2022,2022-05-24,240.0,240.0,41.0,82.0,0.5,20.0,43.0,0.465,17.0,22.0,0.773,4.0,41.0,45.0,30.0,4.0,6.0,8.0,19.0,119.0,,0.649,0.622,0.524,0.268,10.0,87.2,51.7,73.2,4.2,10.7,8.0,100.0,124.6,114.2,,,10.0,26.0,1.0,6.0,11.0,1.0,7.0,10.0,1.0,2.0,14.0,14.0,9.0,2.0,3.0,3.0,5.0,30.0,18.0,1.25,1.25,1.0,0.571,12.3,42.0,28.4,40.5,3.0,11.6,25.5,42.7,250.0,121.0,1,0,240.0,240.0,41.0,84.0,0.488,10.0,28.0,0.357,17.0,26.0,0.654,6.0,36.0,42.0,26.0,5.0,4.0,8.0,18.0,109.0,,0.571,0.548,0.333,0.31,12.8,90.0,48.3,63.4,5.2,10.3,7.7,100.0,114.2,124.6,,,7.0,16.0,1.0,2.0,6.0,0.667,6.0,8.0,1.0,3.0,8.0,8.0,8.0,2.0,2.0,2.0,6.0,20.0,18.0,1.0,1.0,0.6,1.0,13.4,44.3,21.7,38.4,4.4,9.5,18.8,35.4,209.0,131.0,0,True
22,BOS,102,MIA,82,2022,2022-05-23,240.0,240.0,31.0,78.0,0.397,8.0,34.0,0.235,32.0,38.0,0.842,14.0,46.0,60.0,21.0,4.0,11.0,9.0,15.0,102.0,,0.538,0.449,0.436,0.487,32.6,82.1,60.6,67.7,4.5,20.4,8.7,100.0,114.0,91.6,,,8.0,20.0,0.8,3.0,8.0,1.0,14.0,16.0,1.0,5.0,11.0,13.0,6.0,3.0,4.0,3.0,5.0,31.0,37.0,1.136,0.813,0.75,1.0,30.0,28.8,26.1,36.1,3.9,10.8,15.3,35.6,250.0,104.0,1,0,240.0,240.0,30.0,90.0,0.333,14.0,36.0,0.389,8.0,14.0,0.571,10.0,29.0,39.0,22.0,4.0,2.0,9.0,26.0,82.0,,0.426,0.411,0.4,0.156,17.9,67.4,39.4,73.3,4.5,4.5,8.6,100.0,91.6,114.0,,,7.0,16.0,0.75,4.0,8.0,1.0,5.0,8.0,0.625,3.0,5.0,7.0,7.0,2.0,2.0,3.0,4.0,23.0,9.0,0.875,0.875,0.727,1.0,15.7,26.1,12.4,51.1,4.6,10.2,33.3,31.2,120.0,124.0,0,True
23,MIA,82,BOS,102,2022,2022-05-23,240.0,240.0,30.0,90.0,0.333,14.0,36.0,0.389,8.0,14.0,0.571,10.0,29.0,39.0,22.0,4.0,2.0,9.0,26.0,82.0,,0.426,0.411,0.4,0.156,17.9,67.4,39.4,73.3,4.5,4.5,8.6,100.0,91.6,114.0,,,7.0,16.0,0.75,4.0,8.0,1.0,5.0,8.0,0.625,3.0,5.0,7.0,7.0,2.0,2.0,3.0,4.0,23.0,9.0,0.875,0.875,0.727,1.0,15.7,26.1,12.4,51.1,4.6,10.2,33.3,31.2,120.0,124.0,0,1,240.0,240.0,31.0,78.0,0.397,8.0,34.0,0.235,32.0,38.0,0.842,14.0,46.0,60.0,21.0,4.0,11.0,9.0,15.0,102.0,,0.538,0.449,0.436,0.487,32.6,82.1,60.6,67.7,4.5,20.4,8.7,100.0,114.0,91.6,,,8.0,20.0,0.8,3.0,8.0,1.0,14.0,16.0,1.0,5.0,11.0,13.0,6.0,3.0,4.0,3.0,5.0,31.0,37.0,1.136,0.813,0.75,1.0,30.0,28.8,26.1,36.1,3.9,10.8,15.3,35.6,250.0,104.0,1,False
24,GSW,109,DAL,100,2022,2022-05-22,240.0,240.0,38.0,81.0,0.469,11.0,32.0,0.344,22.0,25.0,0.88,14.0,33.0,47.0,28.0,5.0,1.0,10.0,23.0,109.0,,0.592,0.537,0.395,0.309,35.0,82.5,58.8,73.7,5.8,3.3,9.8,100.0,126.7,116.2,,,11.0,20.0,0.75,5.0,10.0,0.5,6.0,6.0,1.0,6.0,8.0,12.0,11.0,2.0,1.0,3.0,5.0,31.0,22.0,0.868,0.75,1.0,1.0,18.1,32.9,24.7,52.7,4.0,4.3,100.0,30.9,161.0,124.0,0,1,240.0,240.0,30.0,75.0,0.4,13.0,45.0,0.289,27.0,34.0,0.794,7.0,26.0,33.0,18.0,4.0,2.0,7.0,18.0,100.0,,0.556,0.487,0.6,0.453,17.5,65.0,41.3,60.0,4.6,4.1,7.2,100.0,116.2,126.7,,,11.0,23.0,1.0,4.0,10.0,0.5,14.0,17.0,1.0,3.0,11.0,11.0,4.0,2.0,2.0,3.0,4.0,40.0,11.0,0.798,1.0,1.0,2.0,15.0,32.7,16.3,40.0,4.4,4.9,16.7,41.0,172.0,135.0,1,True
25,DAL,100,GSW,109,2022,2022-05-22,240.0,240.0,30.0,75.0,0.4,13.0,45.0,0.289,27.0,34.0,0.794,7.0,26.0,33.0,18.0,4.0,2.0,7.0,18.0,100.0,,0.556,0.487,0.6,0.453,17.5,65.0,41.3,60.0,4.6,4.1,7.2,100.0,116.2,126.7,,,11.0,23.0,1.0,4.0,10.0,0.5,14.0,17.0,1.0,3.0,11.0,11.0,4.0,2.0,2.0,3.0,4.0,40.0,11.0,0.798,1.0,1.0,2.0,15.0,32.7,16.3,40.0,4.4,4.9,16.7,41.0,172.0,135.0,1,0,240.0,240.0,38.0,81.0,0.469,11.0,32.0,0.344,22.0,25.0,0.88,14.0,33.0,47.0,28.0,5.0,1.0,10.0,23.0,109.0,,0.592,0.537,0.395,0.309,35.0,82.5,58.8,73.7,5.8,3.3,9.8,100.0,126.7,116.2,,,11.0,20.0,0.75,5.0,10.0,0.5,6.0,6.0,1.0,6.0,8.0,12.0,11.0,2.0,1.0,3.0,5.0,31.0,22.0,0.868,0.75,1.0,1.0,18.1,32.9,24.7,52.7,4.0,4.3,100.0,30.9,161.0,124.0,0,False
26,BOS,103,MIA,109,2022,2022-05-21,240.0,240.0,34.0,70.0,0.486,12.0,32.0,0.375,23.0,30.0,0.767,9.0,35.0,44.0,21.0,2.0,7.0,23.0,21.0,103.0,,0.619,0.571,0.457,0.429,25.7,81.4,56.4,61.8,2.1,11.9,21.7,100.0,107.9,114.2,,,14.0,20.0,1.0,3.0,9.0,1.0,9.0,12.0,1.0,2.0,12.0,14.0,7.0,1.0,3.0,7.0,6.0,40.0,8.0,1.5,1.5,1.0,0.667,100.0,32.1,100.0,47.6,1.3,11.6,69.4,100.0,300.0,121.0,1,0,240.0,240.0,43.0,92.0,0.467,11.0,33.0,0.333,12.0,14.0,0.857,8.0,26.0,34.0,22.0,19.0,4.0,8.0,24.0,109.0,,0.555,0.527,0.359,0.152,18.6,74.3,43.6,51.2,19.9,10.5,7.5,100.0,114.2,107.9,,,15.0,22.0,0.75,4.0,7.0,0.571,4.0,5.0,1.0,2.0,8.0,10.0,6.0,4.0,1.0,2.0,5.0,31.0,17.0,0.901,0.875,0.636,1.25,10.9,79.5,35.7,27.3,9.8,6.5,33.3,33.5,141.0,120.0,0,False
27,MIA,109,BOS,103,2022,2022-05-21,240.0,240.0,43.0,92.0,0.467,11.0,33.0,0.333,12.0,14.0,0.857,8.0,26.0,34.0,22.0,19.0,4.0,8.0,24.0,109.0,,0.555,0.527,0.359,0.152,18.6,74.3,43.6,51.2,19.9,10.5,7.5,100.0,114.2,107.9,,,15.0,22.0,0.75,4.0,7.0,0.571,4.0,5.0,1.0,2.0,8.0,10.0,6.0,4.0,1.0,2.0,5.0,31.0,17.0,0.901,0.875,0.636,1.25,10.9,79.5,35.7,27.3,9.8,6.5,33.3,33.5,141.0,120.0,0,1,240.0,240.0,34.0,70.0,0.486,12.0,32.0,0.375,23.0,30.0,0.767,9.0,35.0,44.0,21.0,2.0,7.0,23.0,21.0,103.0,,0.619,0.571,0.457,0.429,25.7,81.4,56.4,61.8,2.1,11.9,21.7,100.0,107.9,114.2,,,14.0,20.0,1.0,3.0,9.0,1.0,9.0,12.0,1.0,2.0,12.0,14.0,7.0,1.0,3.0,7.0,6.0,40.0,8.0,1.5,1.5,1.0,0.667,100.0,32.1,100.0,47.6,1.3,11.6,69.4,100.0,300.0,121.0,1,True
28,DAL,117,GSW,126,2022,2022-05-20,240.0,240.0,37.0,78.0,0.474,21.0,45.0,0.467,22.0,29.0,0.759,4.0,26.0,30.0,22.0,7.0,5.0,12.0,20.0,117.0,,0.645,0.609,0.577,0.372,10.3,76.5,41.1,59.5,7.3,9.3,11.7,100.0,121.2,130.5,,,12.0,23.0,0.667,6.0,10.0,0.714,13.0,15.0,1.0,2.0,7.0,8.0,8.0,3.0,2.0,4.0,4.0,42.0,7.0,0.872,0.833,1.0,0.667,17.0,28.1,18.2,45.9,6.9,5.4,40.0,39.7,150.0,137.0,0,1,240.0,240.0,46.0,82.0,0.561,14.0,28.0,0.5,20.0,25.0,0.8,8.0,35.0,43.0,33.0,4.0,2.0,13.0,26.0,126.0,,0.677,0.646,0.341,0.305,23.5,89.7,58.9,71.7,4.1,6.1,12.3,100.0,130.5,121.2,,,11.0,21.0,1.0,6.0,10.0,1.0,7.0,7.0,1.0,5.0,8.0,12.0,5.0,2.0,1.0,4.0,6.0,32.0,26.0,1.034,1.125,1.0,0.75,21.9,30.9,24.5,24.3,3.5,6.1,36.8,31.5,210.0,126.0,1,False
29,GSW,126,DAL,117,2022,2022-05-20,240.0,240.0,46.0,82.0,0.561,14.0,28.0,0.5,20.0,25.0,0.8,8.0,35.0,43.0,33.0,4.0,2.0,13.0,26.0,126.0,,0.677,0.646,0.341,0.305,23.5,89.7,58.9,71.7,4.1,6.1,12.3,100.0,130.5,121.2,,,11.0,21.0,1.0,6.0,10.0,1.0,7.0,7.0,1.0,5.0,8.0,12.0,5.0,2.0,1.0,4.0,6.0,32.0,26.0,1.034,1.125,1.0,0.75,21.9,30.9,24.5,24.3,3.5,6.1,36.8,31.5,210.0,126.0,1,0,240.0,240.0,37.0,78.0,0.474,21.0,45.0,0.467,22.0,29.0,0.759,4.0,26.0,30.0,22.0,7.0,5.0,12.0,20.0,117.0,,0.645,0.609,0.577,0.372,10.3,76.5,41.1,59.5,7.3,9.3,11.7,100.0,121.2,130.5,,,12.0,23.0,0.667,6.0,10.0,0.714,13.0,15.0,1.0,2.0,7.0,8.0,8.0,3.0,2.0,4.0,4.0,42.0,7.0,0.872,0.833,1.0,0.667,17.0,28.1,18.2,45.9,6.9,5.4,40.0,39.7,150.0,137.0,0,True
30,BOS,127,MIA,102,2022,2022-05-19,240.0,240.0,43.0,84.0,0.512,20.0,40.0,0.5,21.0,23.0,0.913,8.0,33.0,41.0,28.0,8.0,5.0,9.0,21.0,127.0,,0.675,0.631,0.476,0.274,21.1,73.3,49.4,65.1,8.5,9.6,8.7,100.0,135.1,108.5,,,9.0,22.0,1.0,5.0,12.0,1.0,7.0,8.0,1.0,2.0,7.0,9.0,12.0,3.0,3.0,3.0,5.0,27.0,39.0,1.25,1.25,1.0,2.0,25.5,24.3,23.4,68.3,3.8,13.9,42.9,31.9,215.0,118.0,0,1,240.0,240.0,38.0,86.0,0.442,10.0,34.0,0.294,16.0,22.0,0.727,12.0,30.0,42.0,21.0,4.0,3.0,14.0,18.0,102.0,,0.533,0.5,0.395,0.256,26.7,78.9,50.6,55.3,4.3,6.8,12.8,100.0,108.5,135.1,,,11.0,18.0,1.0,4.0,8.0,1.0,9.0,10.0,1.0,5.0,6.0,9.0,3.0,1.0,1.0,3.0,3.0,29.0,7.0,1.0,1.0,1.0,1.25,16.9,44.1,27.5,50.2,3.6,7.6,22.5,33.0,207.0,140.0,1,True
31,MIA,102,BOS,127,2022,2022-05-19,240.0,240.0,38.0,86.0,0.442,10.0,34.0,0.294,16.0,22.0,0.727,12.0,30.0,42.0,21.0,4.0,3.0,14.0,18.0,102.0,,0.533,0.5,0.395,0.256,26.7,78.9,50.6,55.3,4.3,6.8,12.8,100.0,108.5,135.1,,,11.0,18.0,1.0,4.0,8.0,1.0,9.0,10.0,1.0,5.0,6.0,9.0,3.0,1.0,1.0,3.0,3.0,29.0,7.0,1.0,1.0,1.0,1.25,16.9,44.1,27.5,50.2,3.6,7.6,22.5,33.0,207.0,140.0,1,0,240.0,240.0,43.0,84.0,0.512,20.0,40.0,0.5,21.0,23.0,0.913,8.0,33.0,41.0,28.0,8.0,5.0,9.0,21.0,127.0,,0.675,0.631,0.476,0.274,21.1,73.3,49.4,65.1,8.5,9.6,8.7,100.0,135.1,108.5,,,9.0,22.0,1.0,5.0,12.0,1.0,7.0,8.0,1.0,2.0,7.0,9.0,12.0,3.0,3.0,3.0,5.0,27.0,39.0,1.25,1.25,1.0,2.0,25.5,24.3,23.4,68.3,3.8,13.9,42.9,31.9,215.0,118.0,0,False
32,DAL,87,GSW,112,2022,2022-05-18,240.0,240.0,31.0,86.0,0.36,11.0,48.0,0.229,14.0,21.0,0.667,9.0,26.0,35.0,14.0,7.0,1.0,13.0,17.0,87.0,,0.457,0.424,0.558,0.244,17.0,78.8,40.7,45.2,7.3,1.9,12.0,100.0,90.3,116.3,,,6.0,18.0,0.75,3.0,10.0,0.429,5.0,8.0,1.0,5.0,7.0,7.0,4.0,2.0,1.0,7.0,4.0,20.0,4.0,0.788,0.75,1.0,1.0,13.4,86.4,33.2,100.0,9.9,17.9,33.3,52.7,170.0,123.0,0,1,240.0,240.0,46.0,82.0,0.561,10.0,29.0,0.345,10.0,16.0,0.625,7.0,44.0,51.0,24.0,8.0,7.0,15.0,22.0,112.0,,0.629,0.622,0.354,0.195,21.2,83.0,59.3,52.2,8.3,18.4,14.4,100.0,116.3,90.3,,,8.0,17.0,1.0,3.0,9.0,1.0,4.0,7.0,1.0,2.0,10.0,12.0,4.0,2.0,2.0,3.0,5.0,21.0,28.0,1.5,1.5,1.0,0.5,10.3,36.4,22.4,20.7,9.9,8.9,100.0,44.6,300.0,102.0,1,False
33,GSW,112,DAL,87,2022,2022-05-18,240.0,240.0,46.0,82.0,0.561,10.0,29.0,0.345,10.0,16.0,0.625,7.0,44.0,51.0,24.0,8.0,7.0,15.0,22.0,112.0,,0.629,0.622,0.354,0.195,21.2,83.0,59.3,52.2,8.3,18.4,14.4,100.0,116.3,90.3,,,8.0,17.0,1.0,3.0,9.0,1.0,4.0,7.0,1.0,2.0,10.0,12.0,4.0,2.0,2.0,3.0,5.0,21.0,28.0,1.5,1.5,1.0,0.5,10.3,36.4,22.4,20.7,9.9,8.9,100.0,44.6,300.0,102.0,1,0,240.0,240.0,31.0,86.0,0.36,11.0,48.0,0.229,14.0,21.0,0.667,9.0,26.0,35.0,14.0,7.0,1.0,13.0,17.0,87.0,,0.457,0.424,0.558,0.244,17.0,78.8,40.7,45.2,7.3,1.9,12.0,100.0,90.3,116.3,,,6.0,18.0,0.75,3.0,10.0,0.429,5.0,8.0,1.0,5.0,7.0,7.0,4.0,2.0,1.0,7.0,4.0,20.0,4.0,0.788,0.75,1.0,1.0,13.4,86.4,33.2,100.0,9.9,17.9,33.3,52.7,170.0,123.0,0,True
34,MIA,118,BOS,107,2022,2022-05-17,240.0,240.0,39.0,80.0,0.488,10.0,30.0,0.333,30.0,34.0,0.882,9.0,30.0,39.0,18.0,10.0,12.0,12.0,24.0,118.0,,0.621,0.55,0.375,0.425,23.1,78.9,50.6,46.2,10.3,26.7,11.2,100.0,121.9,110.5,,,12.0,19.0,0.75,3.0,8.0,0.5,17.0,18.0,1.0,5.0,7.0,9.0,5.0,4.0,4.0,4.0,4.0,41.0,25.0,0.806,0.75,0.889,1.25,23.4,32.2,23.7,23.2,6.4,11.4,24.4,33.2,159.0,120.0,1,0,240.0,240.0,36.0,79.0,0.456,11.0,34.0,0.324,24.0,32.0,0.75,8.0,30.0,38.0,22.0,8.0,8.0,16.0,23.0,107.0,,0.575,0.525,0.43,0.405,21.1,76.9,49.4,61.1,8.3,16.0,14.7,100.0,110.5,121.9,,,10.0,21.0,0.8,4.0,11.0,0.5,7.0,10.0,1.0,2.0,8.0,10.0,6.0,4.0,3.0,7.0,5.0,29.0,5.0,0.812,0.8,1.0,0.875,11.1,30.3,19.7,26.1,4.5,25.4,29.1,32.0,170.0,129.0,0,True
35,BOS,107,MIA,118,2022,2022-05-17,240.0,240.0,36.0,79.0,0.456,11.0,34.0,0.324,24.0,32.0,0.75,8.0,30.0,38.0,22.0,8.0,8.0,16.0,23.0,107.0,,0.575,0.525,0.43,0.405,21.1,76.9,49.4,61.1,8.3,16.0,14.7,100.0,110.5,121.9,,,10.0,21.0,0.8,4.0,11.0,0.5,7.0,10.0,1.0,2.0,8.0,10.0,6.0,4.0,3.0,7.0,5.0,29.0,5.0,0.812,0.8,1.0,0.875,11.1,30.3,19.7,26.1,4.5,25.4,29.1,32.0,170.0,129.0,0,1,240.0,240.0,39.0,80.0,0.488,10.0,30.0,0.333,30.0,34.0,0.882,9.0,30.0,39.0,18.0,10.0,12.0,12.0,24.0,118.0,,0.621,0.55,0.375,0.425,23.1,78.9,50.6,46.2,10.3,26.7,11.2,100.0,121.9,110.5,,,12.0,19.0,0.75,3.0,8.0,0.5,17.0,18.0,1.0,5.0,7.0,9.0,5.0,4.0,4.0,4.0,4.0,41.0,25.0,0.806,0.75,0.889,1.25,23.4,32.2,23.7,23.2,6.4,11.4,24.4,33.2,159.0,120.0,1,False
36,DAL,123,PHO,90,2022,2022-05-15,240.0,240.0,46.0,81.0,0.568,19.0,39.0,0.487,12.0,12.0,1.0,6.0,37.0,43.0,14.0,9.0,6.0,11.0,17.0,123.0,,0.713,0.685,0.481,0.148,20.0,71.2,52.4,30.4,10.1,11.3,11.3,100.0,137.6,100.6,,,12.0,19.0,1.0,6.0,11.0,1.0,5.0,5.0,1.0,3.0,9.0,10.0,4.0,2.0,3.0,2.0,4.0,35.0,44.0,1.5,1.5,1.0,0.5,16.2,28.5,19.3,23.3,16.7,12.9,50.0,46.0,300.0,114.0,0,1,240.0,240.0,33.0,87.0,0.379,12.0,34.0,0.353,12.0,18.0,0.667,15.0,24.0,39.0,22.0,8.0,4.0,12.0,18.0,90.0,,0.474,0.448,0.391,0.207,28.8,80.0,47.6,66.7,8.9,9.5,11.2,100.0,100.6,137.6,,,4.0,14.0,0.8,3.0,6.0,1.0,5.0,6.0,1.0,4.0,4.0,6.0,4.0,2.0,1.0,4.0,3.0,12.0,11.0,1.0,1.0,0.8,0.8,37.0,77.1,47.0,76.0,20.3,22.9,25.0,45.0,211.0,146.0,1,True
37,MIL,81,BOS,109,2022,2022-05-15,240.0,240.0,33.0,90.0,0.367,4.0,33.0,0.121,11.0,16.0,0.688,11.0,45.0,56.0,20.0,5.0,5.0,13.0,18.0,81.0,,0.417,0.389,0.367,0.178,21.6,84.9,53.8,60.6,5.1,15.2,11.8,100.0,83.0,111.7,,,10.0,26.0,1.0,2.0,6.0,0.667,4.0,6.0,1.0,4.0,17.0,20.0,9.0,2.0,3.0,5.0,4.0,25.0,-4.0,1.0,1.0,0.833,0.4,45.9,35.7,22.5,100.0,2.4,11.7,100.0,42.6,209.0,120.0,0,1,240.0,240.0,37.0,88.0,0.42,22.0,55.0,0.4,13.0,18.0,0.722,8.0,40.0,48.0,29.0,5.0,7.0,12.0,19.0,109.0,,0.568,0.545,0.625,0.205,15.1,78.4,46.2,78.4,5.1,12.3,11.1,100.0,111.7,83.0,,,10.0,22.0,1.0,7.0,18.0,1.0,6.0,7.0,1.0,2.0,9.0,10.0,10.0,2.0,2.0,7.0,5.0,27.0,25.0,1.5,1.5,1.0,0.778,14.4,45.9,22.5,63.3,7.8,26.7,30.2,28.3,300.0,93.0,1,False
38,BOS,109,MIL,81,2022,2022-05-15,240.0,240.0,37.0,88.0,0.42,22.0,55.0,0.4,13.0,18.0,0.722,8.0,40.0,48.0,29.0,5.0,7.0,12.0,19.0,109.0,,0.568,0.545,0.625,0.205,15.1,78.4,46.2,78.4,5.1,12.3,11.1,100.0,111.7,83.0,,,10.0,22.0,1.0,7.0,18.0,1.0,6.0,7.0,1.0,2.0,9.0,10.0,10.0,2.0,2.0,7.0,5.0,27.0,25.0,1.5,1.5,1.0,0.778,14.4,45.9,22.5,63.3,7.8,26.7,30.2,28.3,300.0,93.0,1,0,240.0,240.0,33.0,90.0,0.367,4.0,33.0,0.121,11.0,16.0,0.688,11.0,45.0,56.0,20.0,5.0,5.0,13.0,18.0,81.0,,0.417,0.389,0.367,0.178,21.6,84.9,53.8,60.6,5.1,15.2,11.8,100.0,83.0,111.7,,,10.0,26.0,1.0,2.0,6.0,0.667,4.0,6.0,1.0,4.0,17.0,20.0,9.0,2.0,3.0,5.0,4.0,25.0,-4.0,1.0,1.0,0.833,0.4,45.9,35.7,22.5,100.0,2.4,11.7,100.0,42.6,209.0,120.0,0,True
39,PHO,90,DAL,123,2022,2022-05-15,240.0,240.0,33.0,87.0,0.379,12.0,34.0,0.353,12.0,18.0,0.667,15.0,24.0,39.0,22.0,8.0,4.0,12.0,18.0,90.0,,0.474,0.448,0.391,0.207,28.8,80.0,47.6,66.7,8.9,9.5,11.2,100.0,100.6,137.6,,,4.0,14.0,0.8,3.0,6.0,1.0,5.0,6.0,1.0,4.0,4.0,6.0,4.0,2.0,1.0,4.0,3.0,12.0,11.0,1.0,1.0,0.8,0.8,37.0,77.1,47.0,76.0,20.3,22.9,25.0,45.0,211.0,146.0,1,0,240.0,240.0,46.0,81.0,0.568,19.0,39.0,0.487,12.0,12.0,1.0,6.0,37.0,43.0,14.0,9.0,6.0,11.0,17.0,123.0,,0.713,0.685,0.481,0.148,20.0,71.2,52.4,30.4,10.1,11.3,11.3,100.0,137.6,100.6,,,12.0,19.0,1.0,6.0,11.0,1.0,5.0,5.0,1.0,3.0,9.0,10.0,4.0,2.0,3.0,2.0,4.0,35.0,44.0,1.5,1.5,1.0,0.5,16.2,28.5,19.3,23.3,16.7,12.9,50.0,46.0,300.0,114.0,0,False
40,MIL,95,BOS,108,2022,2022-05-13,240.0,240.0,36.0,88.0,0.409,7.0,29.0,0.241,16.0,18.0,0.889,7.0,42.0,49.0,15.0,5.0,3.0,10.0,25.0,95.0,,0.495,0.449,0.33,0.205,17.1,84.0,53.8,41.7,5.2,6.8,9.4,100.0,99.2,112.8,,,14.0,30.0,1.0,3.0,10.0,0.667,14.0,15.0,1.0,3.0,17.0,20.0,6.0,3.0,2.0,6.0,5.0,44.0,2.0,1.0,1.0,1.0,0.5,8.6,68.6,37.7,36.1,3.6,5.2,14.3,47.3,200.0,121.0,1,0,240.0,240.0,38.0,87.0,0.437,17.0,43.0,0.395,15.0,23.0,0.652,8.0,34.0,42.0,22.0,5.0,7.0,8.0,17.0,108.0,,0.556,0.534,0.494,0.264,16.0,82.9,46.2,57.9,5.2,11.9,7.6,100.0,112.8,99.2,,,17.0,32.0,0.667,7.0,15.0,0.571,5.0,7.0,1.0,2.0,9.0,10.0,7.0,2.0,4.0,4.0,5.0,46.0,21.0,1.136,0.667,0.667,1.667,6.5,91.2,41.1,29.4,3.6,11.0,16.1,41.8,250.0,108.0,0,False
41,MEM,96,GSW,110,2022,2022-05-13,240.0,240.0,34.0,96.0,0.354,15.0,36.0,0.417,13.0,20.0,0.65,10.0,34.0,44.0,21.0,8.0,6.0,6.0,12.0,96.0,,0.458,0.432,0.375,0.208,18.2,57.6,38.6,61.8,8.2,11.8,5.4,100.0,98.6,113.0,,,11.0,28.0,0.563,7.0,15.0,0.667,4.0,5.0,1.0,4.0,9.0,10.0,8.0,3.0,4.0,2.0,3.0,30.0,-2.0,0.704,0.688,0.536,1.333,17.9,25.7,14.8,34.1,4.4,10.0,100.0,33.1,142.0,121.0,0,1,240.0,240.0,41.0,104.0,0.394,20.0,53.0,0.377,8.0,11.0,0.727,25.0,45.0,70.0,24.0,3.0,10.0,17.0,17.0,110.0,,0.505,0.49,0.51,0.106,42.4,81.8,61.4,58.5,3.1,16.7,13.5,100.0,113.0,98.6,,,11.0,27.0,0.5,8.0,17.0,0.6,3.0,4.0,1.0,11.0,12.0,22.0,8.0,1.0,3.0,4.0,4.0,30.0,20.0,0.75,0.75,1.0,0.2,25.4,27.3,26.3,30.7,1.3,5.8,33.3,30.1,144.0,109.0,1,False
42,BOS,108,MIL,95,2022,2022-05-13,240.0,240.0,38.0,87.0,0.437,17.0,43.0,0.395,15.0,23.0,0.652,8.0,34.0,42.0,22.0,5.0,7.0,8.0,17.0,108.0,,0.556,0.534,0.494,0.264,16.0,82.9,46.2,57.9,5.2,11.9,7.6,100.0,112.8,99.2,,,17.0,32.0,0.667,7.0,15.0,0.571,5.0,7.0,1.0,2.0,9.0,10.0,7.0,2.0,4.0,4.0,5.0,46.0,21.0,1.136,0.667,0.667,1.667,6.5,91.2,41.1,29.4,3.6,11.0,16.1,41.8,250.0,108.0,0,1,240.0,240.0,36.0,88.0,0.409,7.0,29.0,0.241,16.0,18.0,0.889,7.0,42.0,49.0,15.0,5.0,3.0,10.0,25.0,95.0,,0.495,0.449,0.33,0.205,17.1,84.0,53.8,41.7,5.2,6.8,9.4,100.0,99.2,112.8,,,14.0,30.0,1.0,3.0,10.0,0.667,14.0,15.0,1.0,3.0,17.0,20.0,6.0,3.0,2.0,6.0,5.0,44.0,2.0,1.0,1.0,1.0,0.5,8.6,68.6,37.7,36.1,3.6,5.2,14.3,47.3,200.0,121.0,1,True
43,GSW,110,MEM,96,2022,2022-05-13,240.0,240.0,41.0,104.0,0.394,20.0,53.0,0.377,8.0,11.0,0.727,25.0,45.0,70.0,24.0,3.0,10.0,17.0,17.0,110.0,,0.505,0.49,0.51,0.106,42.4,81.8,61.4,58.5,3.1,16.7,13.5,100.0,113.0,98.6,,,11.0,27.0,0.5,8.0,17.0,0.6,3.0,4.0,1.0,11.0,12.0,22.0,8.0,1.0,3.0,4.0,4.0,30.0,20.0,0.75,0.75,1.0,0.2,25.4,27.3,26.3,30.7,1.3,5.8,33.3,30.1,144.0,109.0,1,0,240.0,240.0,34.0,96.0,0.354,15.0,36.0,0.417,13.0,20.0,0.65,10.0,34.0,44.0,21.0,8.0,6.0,6.0,12.0,96.0,,0.458,0.432,0.375,0.208,18.2,57.6,38.6,61.8,8.2,11.8,5.4,100.0,98.6,113.0,,,11.0,28.0,0.563,7.0,15.0,0.667,4.0,5.0,1.0,4.0,9.0,10.0,8.0,3.0,4.0,2.0,3.0,30.0,-2.0,0.704,0.688,0.536,1.333,17.9,25.7,14.8,34.1,4.4,10.0,100.0,33.1,142.0,121.0,0,True
44,MIA,99,PHI,90,2022,2022-05-12,240.0,240.0,42.0,87.0,0.483,7.0,28.0,0.25,8.0,11.0,0.727,13.0,36.0,49.0,19.0,7.0,6.0,12.0,12.0,99.0,,0.539,0.523,0.322,0.126,31.0,85.7,58.3,45.2,7.6,12.0,11.6,100.0,107.9,98.1,,,13.0,29.0,1.0,4.0,10.0,0.4,4.0,6.0,0.8,4.0,8.0,11.0,6.0,2.0,2.0,4.0,3.0,32.0,23.0,1.0,1.0,1.0,0.357,18.4,23.4,15.9,28.5,9.7,17.7,37.5,36.5,152.0,107.0,0,1,240.0,240.0,36.0,87.0,0.414,12.0,37.0,0.324,6.0,7.0,0.857,6.0,29.0,35.0,21.0,8.0,6.0,13.0,16.0,90.0,,0.5,0.483,0.425,0.08,14.3,69.0,41.7,58.3,8.7,10.2,12.6,100.0,98.1,107.9,,,9.0,24.0,1.0,3.0,8.0,1.0,4.0,4.0,1.0,4.0,8.0,12.0,9.0,2.0,2.0,4.0,4.0,20.0,11.0,1.5,1.5,1.0,0.25,10.4,100.0,50.4,31.9,16.9,6.8,66.7,82.2,300.0,119.0,1,True
45,PHI,90,MIA,99,2022,2022-05-12,240.0,240.0,36.0,87.0,0.414,12.0,37.0,0.324,6.0,7.0,0.857,6.0,29.0,35.0,21.0,8.0,6.0,13.0,16.0,90.0,,0.5,0.483,0.425,0.08,14.3,69.0,41.7,58.3,8.7,10.2,12.6,100.0,98.1,107.9,,,9.0,24.0,1.0,3.0,8.0,1.0,4.0,4.0,1.0,4.0,8.0,12.0,9.0,2.0,2.0,4.0,4.0,20.0,11.0,1.5,1.5,1.0,0.25,10.4,100.0,50.4,31.9,16.9,6.8,66.7,82.2,300.0,119.0,1,0,240.0,240.0,42.0,87.0,0.483,7.0,28.0,0.25,8.0,11.0,0.727,13.0,36.0,49.0,19.0,7.0,6.0,12.0,12.0,99.0,,0.539,0.523,0.322,0.126,31.0,85.7,58.3,45.2,7.6,12.0,11.6,100.0,107.9,98.1,,,13.0,29.0,1.0,4.0,10.0,0.4,4.0,6.0,0.8,4.0,8.0,11.0,6.0,2.0,2.0,4.0,3.0,32.0,23.0,1.0,1.0,1.0,0.357,18.4,23.4,15.9,28.5,9.7,17.7,37.5,36.5,152.0,107.0,0,False
46,PHO,86,DAL,113,2022,2022-05-12,240.0,240.0,31.0,78.0,0.397,6.0,18.0,0.333,18.0,21.0,0.857,13.0,32.0,45.0,18.0,3.0,2.0,22.0,27.0,86.0,,0.493,0.436,0.231,0.269,28.9,82.1,53.6,58.1,3.3,5.3,20.1,100.0,93.9,123.4,,,10.0,17.0,0.625,3.0,5.0,1.0,7.0,7.0,1.0,3.0,9.0,11.0,5.0,2.0,1.0,8.0,5.0,21.0,-6.0,0.825,0.786,0.714,1.0,79.7,36.5,42.7,27.8,2.9,4.1,38.8,43.8,145.0,130.0,0,1,240.0,240.0,35.0,77.0,0.455,16.0,39.0,0.41,27.0,36.0,0.75,7.0,32.0,39.0,18.0,16.0,4.0,6.0,23.0,113.0,,0.609,0.558,0.506,0.468,17.9,71.1,46.4,51.4,17.5,6.7,6.1,100.0,123.4,93.9,,,11.0,26.0,1.0,5.0,11.0,0.714,9.0,14.0,1.0,3.0,10.0,11.0,8.0,4.0,2.0,2.0,5.0,33.0,24.0,1.136,1.071,1.0,4.0,9.2,100.0,66.6,54.3,16.9,25.8,66.7,53.2,250.0,108.0,1,False
47,DAL,113,PHO,86,2022,2022-05-12,240.0,240.0,35.0,77.0,0.455,16.0,39.0,0.41,27.0,36.0,0.75,7.0,32.0,39.0,18.0,16.0,4.0,6.0,23.0,113.0,,0.609,0.558,0.506,0.468,17.9,71.1,46.4,51.4,17.5,6.7,6.1,100.0,123.4,93.9,,,11.0,26.0,1.0,5.0,11.0,0.714,9.0,14.0,1.0,3.0,10.0,11.0,8.0,4.0,2.0,2.0,5.0,33.0,24.0,1.136,1.071,1.0,4.0,9.2,100.0,66.6,54.3,16.9,25.8,66.7,53.2,250.0,108.0,1,0,240.0,240.0,31.0,78.0,0.397,6.0,18.0,0.333,18.0,21.0,0.857,13.0,32.0,45.0,18.0,3.0,2.0,22.0,27.0,86.0,,0.493,0.436,0.231,0.269,28.9,82.1,53.6,58.1,3.3,5.3,20.1,100.0,93.9,123.4,,,10.0,17.0,0.625,3.0,5.0,1.0,7.0,7.0,1.0,3.0,9.0,11.0,5.0,2.0,1.0,8.0,5.0,21.0,-6.0,0.825,0.786,0.714,1.0,79.7,36.5,42.7,27.8,2.9,4.1,38.8,43.8,145.0,130.0,0,True
48,BOS,107,MIL,110,2022,2022-05-11,240.0,240.0,42.0,82.0,0.512,10.0,31.0,0.323,13.0,15.0,0.867,5.0,31.0,36.0,25.0,6.0,7.0,10.0,19.0,107.0,,0.604,0.573,0.378,0.183,13.5,64.6,42.4,59.5,6.5,11.1,10.1,100.0,115.1,118.3,,,12.0,29.0,1.0,3.0,11.0,1.0,8.0,9.0,0.889,2.0,7.0,8.0,6.0,3.0,2.0,3.0,4.0,34.0,8.0,1.1,1.1,0.667,0.316,7.4,20.5,12.8,27.5,3.8,6.6,40.0,39.7,220.0,127.0,1,0,240.0,240.0,40.0,92.0,0.435,13.0,29.0,0.448,17.0,21.0,0.81,17.0,32.0,49.0,22.0,5.0,5.0,13.0,14.0,110.0,,0.543,0.505,0.315,0.228,35.4,86.5,57.6,55.0,5.4,9.8,11.4,100.0,118.3,115.1,,,16.0,27.0,0.593,4.0,7.0,0.6,6.0,10.0,1.0,7.0,9.0,15.0,8.0,1.0,2.0,7.0,4.0,40.0,14.0,0.825,0.786,0.714,0.429,24.6,36.5,29.8,31.9,1.8,4.6,28.7,40.0,151.0,121.0,0,False
49,MIL,110,BOS,107,2022,2022-05-11,240.0,240.0,40.0,92.0,0.435,13.0,29.0,0.448,17.0,21.0,0.81,17.0,32.0,49.0,22.0,5.0,5.0,13.0,14.0,110.0,,0.543,0.505,0.315,0.228,35.4,86.5,57.6,55.0,5.4,9.8,11.4,100.0,118.3,115.1,,,16.0,27.0,0.593,4.0,7.0,0.6,6.0,10.0,1.0,7.0,9.0,15.0,8.0,1.0,2.0,7.0,4.0,40.0,14.0,0.825,0.786,0.714,0.429,24.6,36.5,29.8,31.9,1.8,4.6,28.7,40.0,151.0,121.0,0,1,240.0,240.0,42.0,82.0,0.512,10.0,31.0,0.323,13.0,15.0,0.867,5.0,31.0,36.0,25.0,6.0,7.0,10.0,19.0,107.0,,0.604,0.573,0.378,0.183,13.5,64.6,42.4,59.5,6.5,11.1,10.1,100.0,115.1,118.3,,,12.0,29.0,1.0,3.0,11.0,1.0,8.0,9.0,0.889,2.0,7.0,8.0,6.0,3.0,2.0,3.0,4.0,34.0,8.0,1.1,1.1,0.667,0.316,7.4,20.5,12.8,27.5,3.8,6.6,40.0,39.7,220.0,127.0,1,True
50,GSW,95,MEM,134,2022,2022-05-11,240.0,240.0,36.0,80.0,0.45,14.0,39.0,0.359,9.0,13.0,0.692,4.0,33.0,37.0,22.0,3.0,5.0,22.0,23.0,95.0,,0.554,0.538,0.488,0.163,9.8,64.7,40.2,61.1,3.0,8.6,20.4,100.0,93.6,132.0,,,7.0,16.0,1.0,3.0,8.0,1.0,3.0,4.0,1.0,2.0,5.0,7.0,5.0,1.0,1.0,5.0,3.0,19.0,10.0,1.0,1.0,1.0,0.5,10.5,29.9,16.6,34.1,3.0,5.3,50.6,35.0,128.0,140.0,0,1,240.0,240.0,47.0,99.0,0.475,18.0,41.0,0.439,22.0,30.0,0.733,18.0,37.0,55.0,37.0,12.0,4.0,9.0,17.0,134.0,,0.597,0.566,0.414,0.303,35.3,90.2,59.8,78.7,11.8,9.8,7.4,100.0,132.0,93.6,,,8.0,13.0,0.75,4.0,7.0,0.667,5.0,6.0,1.0,6.0,7.0,13.0,9.0,2.0,2.0,2.0,3.0,21.0,46.0,0.922,0.875,0.75,0.714,33.2,37.6,31.1,56.6,5.9,9.3,50.0,26.4,193.0,101.0,1,False
51,MEM,134,GSW,95,2022,2022-05-11,240.0,240.0,47.0,99.0,0.475,18.0,41.0,0.439,22.0,30.0,0.733,18.0,37.0,55.0,37.0,12.0,4.0,9.0,17.0,134.0,,0.597,0.566,0.414,0.303,35.3,90.2,59.8,78.7,11.8,9.8,7.4,100.0,132.0,93.6,,,8.0,13.0,0.75,4.0,7.0,0.667,5.0,6.0,1.0,6.0,7.0,13.0,9.0,2.0,2.0,2.0,3.0,21.0,46.0,0.922,0.875,0.75,0.714,33.2,37.6,31.1,56.6,5.9,9.3,50.0,26.4,193.0,101.0,1,0,240.0,240.0,36.0,80.0,0.45,14.0,39.0,0.359,9.0,13.0,0.692,4.0,33.0,37.0,22.0,3.0,5.0,22.0,23.0,95.0,,0.554,0.538,0.488,0.163,9.8,64.7,40.2,61.1,3.0,8.6,20.4,100.0,93.6,132.0,,,7.0,16.0,1.0,3.0,8.0,1.0,3.0,4.0,1.0,2.0,5.0,7.0,5.0,1.0,1.0,5.0,3.0,19.0,10.0,1.0,1.0,1.0,0.5,10.5,29.9,16.6,34.1,3.0,5.3,50.6,35.0,128.0,140.0,0,True
52,PHO,110,DAL,80,2022,2022-05-10,240.0,240.0,43.0,87.0,0.494,12.0,32.0,0.375,12.0,16.0,0.75,12.0,38.0,50.0,28.0,10.0,2.0,12.0,23.0,110.0,,0.585,0.563,0.368,0.184,27.3,86.4,56.8,65.1,10.9,5.1,11.3,100.0,119.6,87.0,,,11.0,20.0,0.692,3.0,7.0,1.0,3.0,4.0,1.0,3.0,6.0,9.0,10.0,4.0,1.0,4.0,6.0,28.0,25.0,1.0,1.0,1.0,0.8,55.0,64.8,32.4,100.0,6.2,31.0,50.0,34.2,186.0,95.0,1,0,240.0,240.0,27.0,71.0,0.38,8.0,32.0,0.25,18.0,27.0,0.667,6.0,32.0,38.0,9.0,7.0,0.0,16.0,21.0,80.0,,0.483,0.437,0.451,0.38,13.6,72.7,43.2,33.3,7.6,0.0,16.2,100.0,87.0,119.6,,,10.0,23.0,1.0,3.0,8.0,0.75,6.0,7.0,1.0,2.0,10.0,11.0,2.0,3.0,0.0,4.0,4.0,28.0,1.0,1.126,1.125,1.0,2.0,23.2,31.1,23.2,20.5,4.5,0.0,43.6,41.6,219.0,127.0,0,True
53,PHI,85,MIA,120,2022,2022-05-10,240.0,240.0,31.0,85.0,0.365,9.0,32.0,0.281,14.0,15.0,0.933,10.0,26.0,36.0,14.0,8.0,2.0,15.0,19.0,85.0,,0.464,0.418,0.376,0.176,20.8,76.5,43.9,45.2,8.5,3.9,14.1,100.0,90.3,127.4,,,7.0,14.0,0.583,2.0,6.0,1.0,4.0,4.0,1.0,6.0,5.0,8.0,4.0,2.0,1.0,4.0,4.0,17.0,-1.0,0.75,0.75,1.0,0.5,37.7,43.4,29.4,42.4,6.4,5.9,42.9,38.0,160.0,135.0,0,1,240.0,240.0,45.0,84.0,0.536,13.0,33.0,0.394,17.0,23.0,0.739,8.0,38.0,46.0,26.0,8.0,4.0,11.0,13.0,120.0,,0.637,0.613,0.393,0.274,23.5,79.2,56.1,57.8,8.5,7.5,10.5,100.0,127.4,90.3,,,9.0,15.0,1.0,4.0,10.0,1.0,4.0,7.0,1.0,3.0,9.0,10.0,7.0,2.0,2.0,3.0,3.0,23.0,36.0,1.5,1.5,1.0,1.0,23.0,32.7,21.3,28.3,8.9,11.2,21.6,34.6,284.0,102.0,1,False
54,MIA,120,PHI,85,2022,2022-05-10,240.0,240.0,45.0,84.0,0.536,13.0,33.0,0.394,17.0,23.0,0.739,8.0,38.0,46.0,26.0,8.0,4.0,11.0,13.0,120.0,,0.637,0.613,0.393,0.274,23.5,79.2,56.1,57.8,8.5,7.5,10.5,100.0,127.4,90.3,,,9.0,15.0,1.0,4.0,10.0,1.0,4.0,7.0,1.0,3.0,9.0,10.0,7.0,2.0,2.0,3.0,3.0,23.0,36.0,1.5,1.5,1.0,1.0,23.0,32.7,21.3,28.3,8.9,11.2,21.6,34.6,284.0,102.0,1,0,240.0,240.0,31.0,85.0,0.365,9.0,32.0,0.281,14.0,15.0,0.933,10.0,26.0,36.0,14.0,8.0,2.0,15.0,19.0,85.0,,0.464,0.418,0.376,0.176,20.8,76.5,43.9,45.2,8.5,3.9,14.1,100.0,90.3,127.4,,,7.0,14.0,0.583,2.0,6.0,1.0,4.0,4.0,1.0,6.0,5.0,8.0,4.0,2.0,1.0,4.0,4.0,17.0,-1.0,0.75,0.75,1.0,0.5,37.7,43.4,29.4,42.4,6.4,5.9,42.9,38.0,160.0,135.0,0,True
55,DAL,80,PHO,110,2022,2022-05-10,240.0,240.0,27.0,71.0,0.38,8.0,32.0,0.25,18.0,27.0,0.667,6.0,32.0,38.0,9.0,7.0,0.0,16.0,21.0,80.0,,0.483,0.437,0.451,0.38,13.6,72.7,43.2,33.3,7.6,0.0,16.2,100.0,87.0,119.6,,,10.0,23.0,1.0,3.0,8.0,0.75,6.0,7.0,1.0,2.0,10.0,11.0,2.0,3.0,0.0,4.0,4.0,28.0,1.0,1.126,1.125,1.0,2.0,23.2,31.1,23.2,20.5,4.5,0.0,43.6,41.6,219.0,127.0,0,1,240.0,240.0,43.0,87.0,0.494,12.0,32.0,0.375,12.0,16.0,0.75,12.0,38.0,50.0,28.0,10.0,2.0,12.0,23.0,110.0,,0.585,0.563,0.368,0.184,27.3,86.4,56.8,65.1,10.9,5.1,11.3,100.0,119.6,87.0,,,11.0,20.0,0.692,3.0,7.0,1.0,3.0,4.0,1.0,3.0,6.0,9.0,10.0,4.0,1.0,4.0,6.0,28.0,25.0,1.0,1.0,1.0,0.8,55.0,64.8,32.4,100.0,6.2,31.0,50.0,34.2,186.0,95.0,1,False
56,BOS,116,MIL,108,2022,2022-05-09,240.0,240.0,42.0,84.0,0.5,14.0,37.0,0.378,18.0,20.0,0.9,4.0,34.0,38.0,25.0,2.0,4.0,11.0,25.0,116.0,,0.625,0.583,0.44,0.238,10.3,72.3,44.2,59.5,2.1,6.0,10.6,100.0,119.6,111.4,,,11.0,24.0,0.786,5.0,10.0,0.714,6.0,6.0,1.0,2.0,11.0,13.0,8.0,1.0,2.0,3.0,5.0,30.0,20.0,0.952,0.964,1.0,0.545,9.3,26.9,17.4,34.7,3.8,3.5,18.8,31.7,171.0,116.0,0,1,240.0,240.0,39.0,94.0,0.415,9.0,27.0,0.333,21.0,27.0,0.778,13.0,35.0,48.0,18.0,6.0,3.0,7.0,17.0,108.0,,0.51,0.463,0.287,0.287,27.7,89.7,55.8,46.2,6.2,6.4,6.2,100.0,111.4,119.6,,,14.0,32.0,1.0,3.0,6.0,1.0,6.0,11.0,1.0,5.0,16.0,18.0,9.0,3.0,1.0,4.0,5.0,34.0,7.0,1.33,1.5,1.0,2.0,20.5,48.0,24.5,31.9,3.6,3.6,9.8,59.3,261.0,125.0,1,True
57,MIL,108,BOS,116,2022,2022-05-09,240.0,240.0,39.0,94.0,0.415,9.0,27.0,0.333,21.0,27.0,0.778,13.0,35.0,48.0,18.0,6.0,3.0,7.0,17.0,108.0,,0.51,0.463,0.287,0.287,27.7,89.7,55.8,46.2,6.2,6.4,6.2,100.0,111.4,119.6,,,14.0,32.0,1.0,3.0,6.0,1.0,6.0,11.0,1.0,5.0,16.0,18.0,9.0,3.0,1.0,4.0,5.0,34.0,7.0,1.33,1.5,1.0,2.0,20.5,48.0,24.5,31.9,3.6,3.6,9.8,59.3,261.0,125.0,1,0,240.0,240.0,42.0,84.0,0.5,14.0,37.0,0.378,18.0,20.0,0.9,4.0,34.0,38.0,25.0,2.0,4.0,11.0,25.0,116.0,,0.625,0.583,0.44,0.238,10.3,72.3,44.2,59.5,2.1,6.0,10.6,100.0,119.6,111.4,,,11.0,24.0,0.786,5.0,10.0,0.714,6.0,6.0,1.0,2.0,11.0,13.0,8.0,1.0,2.0,3.0,5.0,30.0,20.0,0.952,0.964,1.0,0.545,9.3,26.9,17.4,34.7,3.8,3.5,18.8,31.7,171.0,116.0,0,False
58,MEM,98,GSW,101,2022,2022-05-09,240.0,240.0,40.0,96.0,0.417,9.0,35.0,0.257,9.0,15.0,0.6,10.0,38.0,48.0,25.0,10.0,10.0,12.0,19.0,98.0,,0.478,0.464,0.365,0.156,18.5,79.2,47.1,62.5,9.7,18.9,10.5,100.0,95.3,98.2,,,8.0,21.0,0.875,3.0,9.0,0.5,7.0,8.0,0.875,6.0,9.0,15.0,8.0,3.0,5.0,4.0,5.0,21.0,13.0,0.767,0.938,0.667,0.875,19.6,34.4,26.0,29.1,4.1,13.4,25.0,30.3,135.0,107.0,0,1,240.0,240.0,36.0,90.0,0.4,9.0,37.0,0.243,20.0,22.0,0.909,10.0,44.0,54.0,25.0,6.0,7.0,16.0,15.0,101.0,,0.507,0.45,0.411,0.244,20.8,81.5,52.9,69.4,5.8,11.5,13.8,100.0,98.2,95.3,,,10.0,25.0,0.6,4.0,14.0,0.667,8.0,9.0,1.0,5.0,10.0,11.0,8.0,2.0,2.0,4.0,5.0,32.0,12.0,0.857,0.857,0.857,0.5,13.2,41.0,27.9,43.8,3.7,14.4,50.0,35.2,225.0,100.0,1,False
59,GSW,101,MEM,98,2022,2022-05-09,240.0,240.0,36.0,90.0,0.4,9.0,37.0,0.243,20.0,22.0,0.909,10.0,44.0,54.0,25.0,6.0,7.0,16.0,15.0,101.0,,0.507,0.45,0.411,0.244,20.8,81.5,52.9,69.4,5.8,11.5,13.8,100.0,98.2,95.3,,,10.0,25.0,0.6,4.0,14.0,0.667,8.0,9.0,1.0,5.0,10.0,11.0,8.0,2.0,2.0,4.0,5.0,32.0,12.0,0.857,0.857,0.857,0.5,13.2,41.0,27.9,43.8,3.7,14.4,50.0,35.2,225.0,100.0,1,0,240.0,240.0,40.0,96.0,0.417,9.0,35.0,0.257,9.0,15.0,0.6,10.0,38.0,48.0,25.0,10.0,10.0,12.0,19.0,98.0,,0.478,0.464,0.365,0.156,18.5,79.2,47.1,62.5,9.7,18.9,10.5,100.0,95.3,98.2,,,8.0,21.0,0.875,3.0,9.0,0.5,7.0,8.0,0.875,6.0,9.0,15.0,8.0,3.0,5.0,4.0,5.0,21.0,13.0,0.767,0.938,0.667,0.875,19.6,34.4,26.0,29.1,4.1,13.4,25.0,30.3,135.0,107.0,0,True
60,PHI,116,MIA,108,2022,2022-05-08,240.0,240.0,37.0,68.0,0.544,16.0,33.0,0.485,26.0,34.0,0.765,4.0,28.0,32.0,25.0,5.0,2.0,16.0,24.0,116.0,,0.699,0.662,0.485,0.5,12.5,84.8,49.2,67.6,5.2,4.3,16.2,100.0,120.5,112.2,,,8.0,18.0,1.0,6.0,10.0,0.75,9.0,13.0,1.0,2.0,9.0,11.0,9.0,2.0,1.0,6.0,5.0,31.0,13.0,1.0,1.0,0.833,2.0,7.9,34.3,21.3,38.3,4.1,4.2,23.7,33.7,200.0,116.0,1,0,240.0,240.0,38.0,82.0,0.463,7.0,35.0,0.2,25.0,28.0,0.893,5.0,28.0,33.0,24.0,9.0,5.0,13.0,26.0,108.0,,0.573,0.506,0.427,0.341,15.2,87.5,50.8,63.2,9.3,14.3,12.1,100.0,112.2,120.5,,,13.0,20.0,0.75,2.0,6.0,0.4,12.0,13.0,1.0,2.0,9.0,10.0,7.0,3.0,2.0,4.0,6.0,40.0,2.0,0.788,0.75,1.0,1.111,9.7,43.3,21.9,33.4,4.7,8.5,50.0,28.6,155.0,129.0,0,True
61,DAL,111,PHO,101,2022,2022-05-08,240.0,240.0,38.0,85.0,0.447,20.0,44.0,0.455,15.0,19.0,0.789,10.0,27.0,37.0,22.0,5.0,1.0,11.0,21.0,111.0,,0.594,0.565,0.518,0.224,23.8,69.2,45.7,57.9,5.4,1.7,10.5,100.0,120.0,109.2,,,9.0,25.0,1.0,8.0,12.0,1.0,7.0,8.0,1.0,5.0,7.0,8.0,11.0,3.0,1.0,4.0,4.0,26.0,16.0,1.5,1.5,1.0,0.32,14.9,100.0,53.1,54.5,5.9,2.4,66.7,40.6,187.0,117.0,1,0,240.0,240.0,39.0,84.0,0.464,9.0,25.0,0.36,14.0,18.0,0.778,12.0,32.0,44.0,27.0,4.0,4.0,17.0,25.0,101.0,,0.549,0.518,0.298,0.214,30.8,76.2,54.3,69.2,4.3,9.8,15.6,100.0,109.2,120.0,,,10.0,22.0,1.0,3.0,7.0,1.0,12.0,13.0,1.0,6.0,5.0,11.0,7.0,1.0,2.0,5.0,6.0,35.0,7.0,1.0,1.0,0.7,0.591,25.5,47.4,36.8,100.0,33.1,7.1,33.3,34.0,205.0,129.0,0,True
62,PHO,101,DAL,111,2022,2022-05-08,240.0,240.0,39.0,84.0,0.464,9.0,25.0,0.36,14.0,18.0,0.778,12.0,32.0,44.0,27.0,4.0,4.0,17.0,25.0,101.0,,0.549,0.518,0.298,0.214,30.8,76.2,54.3,69.2,4.3,9.8,15.6,100.0,109.2,120.0,,,10.0,22.0,1.0,3.0,7.0,1.0,12.0,13.0,1.0,6.0,5.0,11.0,7.0,1.0,2.0,5.0,6.0,35.0,7.0,1.0,1.0,0.7,0.591,25.5,47.4,36.8,100.0,33.1,7.1,33.3,34.0,205.0,129.0,0,1,240.0,240.0,38.0,85.0,0.447,20.0,44.0,0.455,15.0,19.0,0.789,10.0,27.0,37.0,22.0,5.0,1.0,11.0,21.0,111.0,,0.594,0.565,0.518,0.224,23.8,69.2,45.7,57.9,5.4,1.7,10.5,100.0,120.0,109.2,,,9.0,25.0,1.0,8.0,12.0,1.0,7.0,8.0,1.0,5.0,7.0,8.0,11.0,3.0,1.0,4.0,4.0,26.0,16.0,1.5,1.5,1.0,0.32,14.9,100.0,53.1,54.5,5.9,2.4,66.7,40.6,187.0,117.0,1,False
63,MIA,108,PHI,116,2022,2022-05-08,240.0,240.0,38.0,82.0,0.463,7.0,35.0,0.2,25.0,28.0,0.893,5.0,28.0,33.0,24.0,9.0,5.0,13.0,26.0,108.0,,0.573,0.506,0.427,0.341,15.2,87.5,50.8,63.2,9.3,14.3,12.1,100.0,112.2,120.5,,,13.0,20.0,0.75,2.0,6.0,0.4,12.0,13.0,1.0,2.0,9.0,10.0,7.0,3.0,2.0,4.0,6.0,40.0,2.0,0.788,0.75,1.0,1.111,9.7,43.3,21.9,33.4,4.7,8.5,50.0,28.6,155.0,129.0,0,1,240.0,240.0,37.0,68.0,0.544,16.0,33.0,0.485,26.0,34.0,0.765,4.0,28.0,32.0,25.0,5.0,2.0,16.0,24.0,116.0,,0.699,0.662,0.485,0.5,12.5,84.8,49.2,67.6,5.2,4.3,16.2,100.0,120.5,112.2,,,8.0,18.0,1.0,6.0,10.0,0.75,9.0,13.0,1.0,2.0,9.0,11.0,9.0,2.0,1.0,6.0,5.0,31.0,13.0,1.0,1.0,0.833,2.0,7.9,34.3,21.3,38.3,4.1,4.2,23.7,33.7,200.0,116.0,1,False
64,MIL,103,BOS,101,2022,2022-05-07,240.0,240.0,40.0,99.0,0.404,9.0,34.0,0.265,14.0,17.0,0.824,13.0,40.0,53.0,20.0,8.0,4.0,10.0,27.0,103.0,,0.484,0.449,0.343,0.172,26.5,78.4,53.0,50.0,8.0,7.4,8.6,100.0,103.5,101.5,,,16.0,30.0,0.533,3.0,10.0,0.5,9.0,12.0,1.0,3.0,10.0,12.0,8.0,3.0,2.0,3.0,5.0,42.0,11.0,0.595,0.55,1.0,0.4,11.5,40.9,20.9,48.7,3.4,4.6,25.0,40.6,124.0,112.0,1,0,240.0,240.0,32.0,87.0,0.368,9.0,33.0,0.273,28.0,34.0,0.824,11.0,36.0,47.0,23.0,5.0,13.0,12.0,21.0,101.0,,0.495,0.42,0.379,0.391,21.6,73.5,47.0,71.9,5.0,20.0,10.5,100.0,101.5,103.5,,,9.0,19.0,0.556,4.0,7.0,0.667,10.0,11.0,1.0,4.0,13.0,16.0,5.0,2.0,4.0,4.0,5.0,27.0,9.0,0.735,0.667,0.667,1.333,16.1,42.9,21.0,42.3,4.1,9.5,100.0,26.4,149.0,112.0,0,True
65,BOS,101,MIL,103,2022,2022-05-07,240.0,240.0,32.0,87.0,0.368,9.0,33.0,0.273,28.0,34.0,0.824,11.0,36.0,47.0,23.0,5.0,13.0,12.0,21.0,101.0,,0.495,0.42,0.379,0.391,21.6,73.5,47.0,71.9,5.0,20.0,10.5,100.0,101.5,103.5,,,9.0,19.0,0.556,4.0,7.0,0.667,10.0,11.0,1.0,4.0,13.0,16.0,5.0,2.0,4.0,4.0,5.0,27.0,9.0,0.735,0.667,0.667,1.333,16.1,42.9,21.0,42.3,4.1,9.5,100.0,26.4,149.0,112.0,0,1,240.0,240.0,40.0,99.0,0.404,9.0,34.0,0.265,14.0,17.0,0.824,13.0,40.0,53.0,20.0,8.0,4.0,10.0,27.0,103.0,,0.484,0.449,0.343,0.172,26.5,78.4,53.0,50.0,8.0,7.4,8.6,100.0,103.5,101.5,,,16.0,30.0,0.533,3.0,10.0,0.5,9.0,12.0,1.0,3.0,10.0,12.0,8.0,3.0,2.0,3.0,5.0,42.0,11.0,0.595,0.55,1.0,0.4,11.5,40.9,20.9,48.7,3.4,4.6,25.0,40.6,124.0,112.0,1,False
66,MEM,112,GSW,142,2022,2022-05-07,240.0,240.0,40.0,92.0,0.435,16.0,43.0,0.372,16.0,21.0,0.762,7.0,23.0,30.0,21.0,7.0,4.0,10.0,20.0,112.0,,0.553,0.522,0.467,0.228,17.1,85.2,44.1,52.5,6.8,7.5,9.0,100.0,109.1,138.4,,,13.0,21.0,1.0,4.0,8.0,1.0,4.0,5.0,1.0,2.0,3.0,4.0,7.0,3.0,2.0,3.0,4.0,34.0,-3.0,1.25,1.25,0.7,1.0,25.5,63.3,25.1,54.3,3.9,11.2,17.2,30.1,248.0,143.0,0,1,240.0,240.0,53.0,85.0,0.624,17.0,32.0,0.531,19.0,21.0,0.905,4.0,34.0,38.0,34.0,5.0,4.0,16.0,24.0,142.0,,0.753,0.724,0.376,0.247,14.8,82.9,55.9,64.2,4.9,8.2,14.5,100.0,138.4,109.1,,,11.0,17.0,1.0,4.0,8.0,1.0,14.0,14.0,1.0,1.0,9.0,9.0,8.0,2.0,2.0,4.0,5.0,30.0,33.0,1.0,1.0,0.714,1.0,10.4,30.0,18.1,38.5,3.6,8.0,100.0,34.7,214.0,116.0,1,False
67,GSW,142,MEM,112,2022,2022-05-07,240.0,240.0,53.0,85.0,0.624,17.0,32.0,0.531,19.0,21.0,0.905,4.0,34.0,38.0,34.0,5.0,4.0,16.0,24.0,142.0,,0.753,0.724,0.376,0.247,14.8,82.9,55.9,64.2,4.9,8.2,14.5,100.0,138.4,109.1,,,11.0,17.0,1.0,4.0,8.0,1.0,14.0,14.0,1.0,1.0,9.0,9.0,8.0,2.0,2.0,4.0,5.0,30.0,33.0,1.0,1.0,0.714,1.0,10.4,30.0,18.1,38.5,3.6,8.0,100.0,34.7,214.0,116.0,1,0,240.0,240.0,40.0,92.0,0.435,16.0,43.0,0.372,16.0,21.0,0.762,7.0,23.0,30.0,21.0,7.0,4.0,10.0,20.0,112.0,,0.553,0.522,0.467,0.228,17.1,85.2,44.1,52.5,6.8,7.5,9.0,100.0,109.1,138.4,,,13.0,21.0,1.0,4.0,8.0,1.0,4.0,5.0,1.0,2.0,3.0,4.0,7.0,3.0,2.0,3.0,4.0,34.0,-3.0,1.25,1.25,0.7,1.0,25.5,63.3,25.1,54.3,3.9,11.2,17.2,30.1,248.0,143.0,0,True
68,DAL,103,PHO,94,2022,2022-05-06,240.0,240.0,40.0,90.0,0.444,13.0,39.0,0.333,10.0,13.0,0.769,8.0,28.0,36.0,25.0,12.0,4.0,8.0,19.0,103.0,,0.538,0.517,0.433,0.144,18.2,75.7,44.4,62.5,13.2,8.3,7.7,100.0,113.5,103.6,,,11.0,25.0,0.667,4.0,11.0,0.5,7.0,7.0,1.0,3.0,10.0,13.0,9.0,3.0,3.0,5.0,5.0,28.0,20.0,0.778,0.778,0.909,0.333,21.5,38.0,23.3,51.6,5.2,9.1,15.5,43.6,160.0,117.0,1,0,240.0,240.0,34.0,76.0,0.447,13.0,28.0,0.464,13.0,15.0,0.867,9.0,36.0,45.0,23.0,5.0,1.0,17.0,14.0,94.0,,0.569,0.533,0.368,0.197,24.3,81.8,55.6,67.6,5.5,2.0,17.1,100.0,103.6,113.5,,,7.0,14.0,0.6,5.0,8.0,0.667,4.0,4.0,1.0,4.0,7.0,11.0,6.0,2.0,1.0,7.0,4.0,19.0,3.0,0.792,0.792,1.0,0.75,15.8,52.7,28.6,30.0,5.0,2.5,43.8,72.3,170.0,120.0,0,True
69,PHO,94,DAL,103,2022,2022-05-06,240.0,240.0,34.0,76.0,0.447,13.0,28.0,0.464,13.0,15.0,0.867,9.0,36.0,45.0,23.0,5.0,1.0,17.0,14.0,94.0,,0.569,0.533,0.368,0.197,24.3,81.8,55.6,67.6,5.5,2.0,17.1,100.0,103.6,113.5,,,7.0,14.0,0.6,5.0,8.0,0.667,4.0,4.0,1.0,4.0,7.0,11.0,6.0,2.0,1.0,7.0,4.0,19.0,3.0,0.792,0.792,1.0,0.75,15.8,52.7,28.6,30.0,5.0,2.5,43.8,72.3,170.0,120.0,0,1,240.0,240.0,40.0,90.0,0.444,13.0,39.0,0.333,10.0,13.0,0.769,8.0,28.0,36.0,25.0,12.0,4.0,8.0,19.0,103.0,,0.538,0.517,0.433,0.144,18.2,75.7,44.4,62.5,13.2,8.3,7.7,100.0,113.5,103.6,,,11.0,25.0,0.667,4.0,11.0,0.5,7.0,7.0,1.0,3.0,10.0,13.0,9.0,3.0,3.0,5.0,5.0,28.0,20.0,0.778,0.778,0.909,0.333,21.5,38.0,23.3,51.6,5.2,9.1,15.5,43.6,160.0,117.0,1,False
70,MIA,79,PHI,99,2022,2022-05-06,240.0,240.0,27.0,77.0,0.351,7.0,30.0,0.233,18.0,24.0,0.75,11.0,25.0,36.0,14.0,11.0,1.0,12.0,22.0,79.0,,0.451,0.396,0.39,0.312,23.9,75.8,45.6,51.9,12.9,2.9,12.1,100.0,92.7,116.1,,,12.0,22.0,0.667,3.0,11.0,0.5,8.0,10.0,1.0,3.0,7.0,10.0,3.0,3.0,1.0,3.0,5.0,33.0,7.0,0.667,0.667,1.0,0.889,50.1,69.8,29.2,23.8,6.2,5.2,25.0,37.1,121.0,127.0,0,1,240.0,240.0,32.0,67.0,0.478,16.0,33.0,0.485,19.0,22.0,0.864,8.0,35.0,43.0,22.0,7.0,3.0,18.0,24.0,99.0,,0.646,0.597,0.493,0.328,24.2,76.1,54.4,68.8,8.2,6.4,19.0,100.0,116.1,92.7,,,7.0,13.0,1.0,7.0,9.0,0.833,8.0,10.0,1.0,3.0,10.0,11.0,8.0,2.0,1.0,7.0,6.0,21.0,27.0,1.167,1.167,1.0,0.833,33.9,36.3,21.1,36.5,2.9,5.2,32.5,29.4,223.0,104.0,1,False
71,PHI,99,MIA,79,2022,2022-05-06,240.0,240.0,32.0,67.0,0.478,16.0,33.0,0.485,19.0,22.0,0.864,8.0,35.0,43.0,22.0,7.0,3.0,18.0,24.0,99.0,,0.646,0.597,0.493,0.328,24.2,76.1,54.4,68.8,8.2,6.4,19.0,100.0,116.1,92.7,,,7.0,13.0,1.0,7.0,9.0,0.833,8.0,10.0,1.0,3.0,10.0,11.0,8.0,2.0,1.0,7.0,6.0,21.0,27.0,1.167,1.167,1.0,0.833,33.9,36.3,21.1,36.5,2.9,5.2,32.5,29.4,223.0,104.0,1,0,240.0,240.0,27.0,77.0,0.351,7.0,30.0,0.233,18.0,24.0,0.75,11.0,25.0,36.0,14.0,11.0,1.0,12.0,22.0,79.0,,0.451,0.396,0.39,0.312,23.9,75.8,45.6,51.9,12.9,2.9,12.1,100.0,92.7,116.1,,,12.0,22.0,0.667,3.0,11.0,0.5,8.0,10.0,1.0,3.0,7.0,10.0,3.0,3.0,1.0,3.0,5.0,33.0,7.0,0.667,0.667,1.0,0.889,50.1,69.8,29.2,23.8,6.2,5.2,25.0,37.1,121.0,127.0,0,True
72,PHI,103,MIA,119,2022,2022-05-04,240.0,240.0,38.0,84.0,0.452,8.0,30.0,0.267,19.0,22.0,0.864,5.0,29.0,34.0,17.0,10.0,4.0,8.0,25.0,103.0,,0.55,0.5,0.357,0.262,12.2,78.4,43.6,44.7,10.5,8.2,7.9,100.0,108.2,125.0,,,12.0,22.0,1.0,2.0,9.0,0.5,9.0,11.0,1.0,1.0,5.0,6.0,9.0,4.0,2.0,3.0,6.0,34.0,3.0,1.0,1.0,0.9,2.0,8.7,93.8,44.5,33.6,5.3,70.8,100.0,98.3,205.0,134.0,0,1,240.0,240.0,40.0,78.0,0.513,14.0,29.0,0.483,25.0,31.0,0.806,8.0,36.0,44.0,25.0,5.0,3.0,14.0,22.0,119.0,,0.649,0.603,0.372,0.397,21.6,87.8,56.4,62.5,5.3,5.6,13.3,100.0,125.0,108.2,,,8.0,15.0,1.0,3.0,6.0,0.75,9.0,11.0,1.0,3.0,8.0,9.0,12.0,2.0,1.0,4.0,4.0,23.0,15.0,1.0,1.0,1.0,1.0,12.3,100.0,67.1,52.0,3.8,8.4,23.9,33.4,200.0,114.0,1,False
73,MIA,119,PHI,103,2022,2022-05-04,240.0,240.0,40.0,78.0,0.513,14.0,29.0,0.483,25.0,31.0,0.806,8.0,36.0,44.0,25.0,5.0,3.0,14.0,22.0,119.0,,0.649,0.603,0.372,0.397,21.6,87.8,56.4,62.5,5.3,5.6,13.3,100.0,125.0,108.2,,,8.0,15.0,1.0,3.0,6.0,0.75,9.0,11.0,1.0,3.0,8.0,9.0,12.0,2.0,1.0,4.0,4.0,23.0,15.0,1.0,1.0,1.0,1.0,12.3,100.0,67.1,52.0,3.8,8.4,23.9,33.4,200.0,114.0,1,0,240.0,240.0,38.0,84.0,0.452,8.0,30.0,0.267,19.0,22.0,0.864,5.0,29.0,34.0,17.0,10.0,4.0,8.0,25.0,103.0,,0.55,0.5,0.357,0.262,12.2,78.4,43.6,44.7,10.5,8.2,7.9,100.0,108.2,125.0,,,12.0,22.0,1.0,2.0,9.0,0.5,9.0,11.0,1.0,1.0,5.0,6.0,9.0,4.0,2.0,3.0,6.0,34.0,3.0,1.0,1.0,0.9,2.0,8.7,93.8,44.5,33.6,5.3,70.8,100.0,98.3,205.0,134.0,0,True
74,PHO,129,DAL,109,2022,2022-05-04,240.0,240.0,49.0,76.0,0.645,13.0,25.0,0.52,18.0,21.0,0.857,4.0,30.0,34.0,28.0,6.0,6.0,16.0,28.0,129.0,,0.757,0.73,0.329,0.276,18.2,81.1,57.6,57.1,6.3,15.8,15.8,100.0,136.5,115.3,,,11.0,19.0,1.0,5.0,8.0,1.0,5.0,5.0,1.0,1.0,6.0,7.0,8.0,2.0,3.0,3.0,5.0,30.0,31.0,1.5,1.5,1.0,0.714,11.8,37.6,23.6,39.1,14.7,38.5,100.0,29.8,197.0,124.0,1,0,240.0,240.0,36.0,79.0,0.456,17.0,41.0,0.415,20.0,24.0,0.833,7.0,18.0,25.0,19.0,7.0,1.0,14.0,26.0,109.0,,0.609,0.563,0.519,0.304,18.9,81.8,42.4,52.8,7.4,2.0,13.5,100.0,115.3,136.5,,,13.0,22.0,1.0,5.0,10.0,1.0,4.0,5.0,1.0,2.0,4.0,5.0,7.0,2.0,1.0,7.0,5.0,35.0,7.0,1.5,1.5,1.0,2.0,55.4,46.6,34.7,79.6,10.8,4.6,41.0,39.7,285.0,141.0,0,True
75,DAL,109,PHO,129,2022,2022-05-04,240.0,240.0,36.0,79.0,0.456,17.0,41.0,0.415,20.0,24.0,0.833,7.0,18.0,25.0,19.0,7.0,1.0,14.0,26.0,109.0,,0.609,0.563,0.519,0.304,18.9,81.8,42.4,52.8,7.4,2.0,13.5,100.0,115.3,136.5,,,13.0,22.0,1.0,5.0,10.0,1.0,4.0,5.0,1.0,2.0,4.0,5.0,7.0,2.0,1.0,7.0,5.0,35.0,7.0,1.5,1.5,1.0,2.0,55.4,46.6,34.7,79.6,10.8,4.6,41.0,39.7,285.0,141.0,0,1,240.0,240.0,49.0,76.0,0.645,13.0,25.0,0.52,18.0,21.0,0.857,4.0,30.0,34.0,28.0,6.0,6.0,16.0,28.0,129.0,,0.757,0.73,0.329,0.276,18.2,81.1,57.6,57.1,6.3,15.8,15.8,100.0,136.5,115.3,,,11.0,19.0,1.0,5.0,8.0,1.0,5.0,5.0,1.0,1.0,6.0,7.0,8.0,2.0,3.0,3.0,5.0,30.0,31.0,1.5,1.5,1.0,0.714,11.8,37.6,23.6,39.1,14.7,38.5,100.0,29.8,197.0,124.0,1,False
76,MEM,106,GSW,101,2022,2022-05-03,240.0,240.0,36.0,91.0,0.396,14.0,45.0,0.311,20.0,21.0,0.952,13.0,36.0,49.0,17.0,13.0,6.0,14.0,23.0,106.0,,0.529,0.473,0.495,0.231,25.5,72.0,48.5,47.2,12.9,10.5,12.3,100.0,104.9,99.9,,,15.0,31.0,1.0,5.0,12.0,0.5,12.0,13.0,1.0,3.0,6.0,8.0,8.0,3.0,3.0,4.0,6.0,47.0,13.0,1.025,1.0,0.889,0.5,14.4,29.4,21.8,51.8,16.6,9.7,44.4,44.0,239.0,112.0,1,0,240.0,240.0,40.0,95.0,0.421,7.0,38.0,0.184,14.0,18.0,0.778,14.0,38.0,52.0,27.0,6.0,2.0,18.0,20.0,101.0,,0.491,0.458,0.4,0.189,28.0,74.5,51.5,67.5,5.9,4.3,14.9,100.0,99.9,104.9,,,11.0,25.0,1.0,3.0,12.0,0.273,3.0,4.0,1.0,5.0,9.0,10.0,8.0,3.0,1.0,5.0,5.0,27.0,17.0,1.0,1.0,0.632,1.0,13.6,42.2,21.3,36.6,3.5,3.2,50.0,31.1,123.0,116.0,0,True
77,GSW,101,MEM,106,2022,2022-05-03,240.0,240.0,40.0,95.0,0.421,7.0,38.0,0.184,14.0,18.0,0.778,14.0,38.0,52.0,27.0,6.0,2.0,18.0,20.0,101.0,,0.491,0.458,0.4,0.189,28.0,74.5,51.5,67.5,5.9,4.3,14.9,100.0,99.9,104.9,,,11.0,25.0,1.0,3.0,12.0,0.273,3.0,4.0,1.0,5.0,9.0,10.0,8.0,3.0,1.0,5.0,5.0,27.0,17.0,1.0,1.0,0.632,1.0,13.6,42.2,21.3,36.6,3.5,3.2,50.0,31.1,123.0,116.0,0,1,240.0,240.0,36.0,91.0,0.396,14.0,45.0,0.311,20.0,21.0,0.952,13.0,36.0,49.0,17.0,13.0,6.0,14.0,23.0,106.0,,0.529,0.473,0.495,0.231,25.5,72.0,48.5,47.2,12.9,10.5,12.3,100.0,104.9,99.9,,,15.0,31.0,1.0,5.0,12.0,0.5,12.0,13.0,1.0,3.0,6.0,8.0,8.0,3.0,3.0,4.0,6.0,47.0,13.0,1.025,1.0,0.889,0.5,14.4,29.4,21.8,51.8,16.6,9.7,44.4,44.0,239.0,112.0,1,False
78,MIL,86,BOS,109,2022,2022-05-03,240.0,240.0,34.0,73.0,0.466,3.0,18.0,0.167,15.0,23.0,0.652,5.0,32.0,37.0,16.0,4.0,5.0,16.0,19.0,86.0,,0.517,0.486,0.247,0.315,13.2,82.1,48.1,47.1,4.4,13.5,16.1,100.0,94.7,120.0,,,11.0,27.0,1.0,1.0,6.0,0.5,5.0,9.0,1.0,2.0,8.0,9.0,7.0,2.0,3.0,6.0,5.0,28.0,-2.0,1.0,1.0,1.0,1.0,10.0,65.9,33.4,44.5,2.8,15.4,75.0,51.9,149.0,128.0,0,1,240.0,240.0,38.0,80.0,0.475,20.0,43.0,0.465,13.0,15.0,0.867,7.0,33.0,40.0,28.0,10.0,5.0,11.0,23.0,109.0,,0.629,0.6,0.538,0.188,17.9,86.8,51.9,73.7,11.0,9.1,11.3,100.0,120.0,94.7,,,11.0,20.0,0.8,6.0,10.0,0.667,4.0,5.0,1.0,2.0,11.0,11.0,8.0,4.0,2.0,4.0,5.0,30.0,22.0,0.85,0.8,1.0,2.0,9.7,67.7,33.4,33.8,5.7,6.9,25.0,49.5,155.0,103.0,1,False
79,BOS,109,MIL,86,2022,2022-05-03,240.0,240.0,38.0,80.0,0.475,20.0,43.0,0.465,13.0,15.0,0.867,7.0,33.0,40.0,28.0,10.0,5.0,11.0,23.0,109.0,,0.629,0.6,0.538,0.188,17.9,86.8,51.9,73.7,11.0,9.1,11.3,100.0,120.0,94.7,,,11.0,20.0,0.8,6.0,10.0,0.667,4.0,5.0,1.0,2.0,11.0,11.0,8.0,4.0,2.0,4.0,5.0,30.0,22.0,0.85,0.8,1.0,2.0,9.7,67.7,33.4,33.8,5.7,6.9,25.0,49.5,155.0,103.0,1,0,240.0,240.0,34.0,73.0,0.466,3.0,18.0,0.167,15.0,23.0,0.652,5.0,32.0,37.0,16.0,4.0,5.0,16.0,19.0,86.0,,0.517,0.486,0.247,0.315,13.2,82.1,48.1,47.1,4.4,13.5,16.1,100.0,94.7,120.0,,,11.0,27.0,1.0,1.0,6.0,0.5,5.0,9.0,1.0,2.0,8.0,9.0,7.0,2.0,3.0,6.0,5.0,28.0,-2.0,1.0,1.0,1.0,1.0,10.0,65.9,33.4,44.5,2.8,15.4,75.0,51.9,149.0,128.0,0,True
80,DAL,114,PHO,121,2022,2022-05-02,240.0,240.0,40.0,85.0,0.471,16.0,39.0,0.41,18.0,25.0,0.72,7.0,29.0,36.0,16.0,6.0,2.0,8.0,22.0,114.0,,0.594,0.565,0.459,0.294,15.6,69.0,41.4,40.0,6.4,3.2,7.7,100.0,121.4,128.9,,,15.0,30.0,0.667,5.0,11.0,0.625,11.0,14.0,1.0,3.0,10.0,12.0,8.0,2.0,1.0,5.0,6.0,45.0,11.0,0.848,0.944,1.0,0.556,7.9,25.7,14.9,52.6,6.0,3.1,12.1,42.8,240.0,137.0,0,1,240.0,240.0,46.0,91.0,0.505,11.0,28.0,0.393,18.0,18.0,1.0,13.0,38.0,51.0,27.0,3.0,6.0,9.0,21.0,121.0,,0.612,0.566,0.308,0.198,31.0,84.4,58.6,58.7,3.2,13.0,8.3,100.0,128.9,121.4,,,12.0,20.0,0.667,3.0,6.0,0.6,8.0,8.0,1.0,3.0,6.0,9.0,8.0,1.0,2.0,3.0,5.0,25.0,14.0,0.917,0.917,1.0,0.444,10.4,35.8,18.5,34.6,3.6,4.9,50.0,29.8,163.0,125.0,1,False
81,PHO,121,DAL,114,2022,2022-05-02,240.0,240.0,46.0,91.0,0.505,11.0,28.0,0.393,18.0,18.0,1.0,13.0,38.0,51.0,27.0,3.0,6.0,9.0,21.0,121.0,,0.612,0.566,0.308,0.198,31.0,84.4,58.6,58.7,3.2,13.0,8.3,100.0,128.9,121.4,,,12.0,20.0,0.667,3.0,6.0,0.6,8.0,8.0,1.0,3.0,6.0,9.0,8.0,1.0,2.0,3.0,5.0,25.0,14.0,0.917,0.917,1.0,0.444,10.4,35.8,18.5,34.6,3.6,4.9,50.0,29.8,163.0,125.0,1,0,240.0,240.0,40.0,85.0,0.471,16.0,39.0,0.41,18.0,25.0,0.72,7.0,29.0,36.0,16.0,6.0,2.0,8.0,22.0,114.0,,0.594,0.565,0.459,0.294,15.6,69.0,41.4,40.0,6.4,3.2,7.7,100.0,121.4,128.9,,,15.0,30.0,0.667,5.0,11.0,0.625,11.0,14.0,1.0,3.0,10.0,12.0,8.0,2.0,1.0,5.0,6.0,45.0,11.0,0.848,0.944,1.0,0.556,7.9,25.7,14.9,52.6,6.0,3.1,12.1,42.8,240.0,137.0,0,True
82,MIA,106,PHI,92,2022,2022-05-02,240.0,240.0,40.0,92.0,0.435,9.0,36.0,0.25,17.0,18.0,0.944,15.0,32.0,47.0,21.0,5.0,2.0,11.0,18.0,106.0,,0.53,0.484,0.391,0.196,34.9,78.0,56.0,52.5,5.5,4.4,9.9,100.0,117.0,101.5,,,9.0,17.0,0.8,4.0,7.0,0.667,8.0,8.0,1.0,5.0,9.0,12.0,7.0,2.0,1.0,3.0,5.0,25.0,27.0,0.888,0.8,0.875,0.8,20.0,31.2,20.3,45.4,3.5,4.0,18.2,37.6,160.0,109.0,1,0,240.0,240.0,34.0,79.0,0.43,6.0,34.0,0.176,18.0,20.0,0.9,9.0,28.0,37.0,18.0,4.0,6.0,14.0,17.0,92.0,,0.524,0.468,0.43,0.253,22.0,65.1,44.0,52.9,4.4,10.7,13.8,100.0,101.5,117.0,,,11.0,18.0,1.0,2.0,7.0,0.5,6.0,6.0,1.0,5.0,8.0,9.0,5.0,2.0,2.0,5.0,5.0,27.0,7.0,1.0,1.0,1.0,1.0,44.9,34.2,39.4,55.2,4.9,9.9,50.0,29.7,218.0,127.0,0,True
83,PHI,92,MIA,106,2022,2022-05-02,240.0,240.0,34.0,79.0,0.43,6.0,34.0,0.176,18.0,20.0,0.9,9.0,28.0,37.0,18.0,4.0,6.0,14.0,17.0,92.0,,0.524,0.468,0.43,0.253,22.0,65.1,44.0,52.9,4.4,10.7,13.8,100.0,101.5,117.0,,,11.0,18.0,1.0,2.0,7.0,0.5,6.0,6.0,1.0,5.0,8.0,9.0,5.0,2.0,2.0,5.0,5.0,27.0,7.0,1.0,1.0,1.0,1.0,44.9,34.2,39.4,55.2,4.9,9.9,50.0,29.7,218.0,127.0,0,1,240.0,240.0,40.0,92.0,0.435,9.0,36.0,0.25,17.0,18.0,0.944,15.0,32.0,47.0,21.0,5.0,2.0,11.0,18.0,106.0,,0.53,0.484,0.391,0.196,34.9,78.0,56.0,52.5,5.5,4.4,9.9,100.0,117.0,101.5,,,9.0,17.0,0.8,4.0,7.0,0.667,8.0,8.0,1.0,5.0,9.0,12.0,7.0,2.0,1.0,3.0,5.0,25.0,27.0,0.888,0.8,0.875,0.8,20.0,31.2,20.3,45.4,3.5,4.0,18.2,37.6,160.0,109.0,1,False
84,MIL,101,BOS,89,2022,2022-05-01,240.0,240.0,37.0,90.0,0.411,12.0,34.0,0.353,15.0,21.0,0.714,10.0,44.0,54.0,22.0,11.0,5.0,13.0,21.0,101.0,,0.509,0.478,0.378,0.233,20.8,81.5,52.9,59.5,11.1,14.7,11.6,100.0,101.8,89.7,,,9.0,25.0,0.5,3.0,7.0,0.6,6.0,11.0,1.0,4.0,11.0,13.0,12.0,3.0,3.0,5.0,4.0,25.0,25.0,0.717,0.688,0.857,0.5,14.2,74.1,39.2,59.6,5.0,15.1,25.0,39.4,117.0,104.0,0,1,240.0,240.0,28.0,84.0,0.333,18.0,50.0,0.36,15.0,20.0,0.75,10.0,38.0,48.0,21.0,8.0,7.0,18.0,25.0,89.0,,0.48,0.44,0.595,0.238,18.5,79.2,47.1,75.0,8.1,12.5,16.2,100.0,89.7,101.8,,,6.0,18.0,1.0,4.0,9.0,0.667,5.0,8.0,1.0,3.0,10.0,10.0,6.0,2.0,3.0,7.0,4.0,21.0,3.0,1.0,1.0,1.0,0.667,20.1,50.4,23.7,86.4,3.0,19.3,50.0,43.7,200.0,113.0,1,True
85,MEM,116,GSW,117,2022,2022-05-01,240.0,240.0,41.0,95.0,0.432,16.0,40.0,0.4,18.0,24.0,0.75,16.0,30.0,46.0,26.0,11.0,6.0,14.0,19.0,116.0,,0.549,0.516,0.421,0.253,30.8,65.2,46.9,63.4,10.9,10.9,11.7,100.0,114.9,115.9,,,14.0,31.0,0.667,6.0,11.0,0.667,7.0,9.0,1.0,6.0,9.0,10.0,10.0,3.0,2.0,4.0,5.0,34.0,14.0,0.829,0.813,0.75,1.0,18.0,24.4,16.8,53.0,5.7,10.0,31.6,36.8,237.0,120.0,1,0,240.0,240.0,45.0,93.0,0.484,14.0,38.0,0.368,13.0,20.0,0.65,16.0,36.0,52.0,31.0,10.0,6.0,18.0,25.0,117.0,,0.575,0.559,0.409,0.215,34.8,69.2,53.1,68.9,9.9,10.9,15.0,100.0,115.9,114.9,,,12.0,20.0,0.8,5.0,12.0,0.5,4.0,7.0,1.0,4.0,6.0,8.0,9.0,3.0,2.0,5.0,5.0,31.0,10.0,0.8,0.8,0.6,1.0,18.0,29.8,19.0,38.9,8.4,5.1,100.0,26.6,144.0,127.0,0,False
86,GSW,117,MEM,116,2022,2022-05-01,240.0,240.0,45.0,93.0,0.484,14.0,38.0,0.368,13.0,20.0,0.65,16.0,36.0,52.0,31.0,10.0,6.0,18.0,25.0,117.0,,0.575,0.559,0.409,0.215,34.8,69.2,53.1,68.9,9.9,10.9,15.0,100.0,115.9,114.9,,,12.0,20.0,0.8,5.0,12.0,0.5,4.0,7.0,1.0,4.0,6.0,8.0,9.0,3.0,2.0,5.0,5.0,31.0,10.0,0.8,0.8,0.6,1.0,18.0,29.8,19.0,38.9,8.4,5.1,100.0,26.6,144.0,127.0,0,1,240.0,240.0,41.0,95.0,0.432,16.0,40.0,0.4,18.0,24.0,0.75,16.0,30.0,46.0,26.0,11.0,6.0,14.0,19.0,116.0,,0.549,0.516,0.421,0.253,30.8,65.2,46.9,63.4,10.9,10.9,11.7,100.0,114.9,115.9,,,14.0,31.0,0.667,6.0,11.0,0.667,7.0,9.0,1.0,6.0,9.0,10.0,10.0,3.0,2.0,4.0,5.0,34.0,14.0,0.829,0.813,0.75,1.0,18.0,24.4,16.8,53.0,5.7,10.0,31.6,36.8,237.0,120.0,1,True
87,BOS,89,MIL,101,2022,2022-05-01,240.0,240.0,28.0,84.0,0.333,18.0,50.0,0.36,15.0,20.0,0.75,10.0,38.0,48.0,21.0,8.0,7.0,18.0,25.0,89.0,,0.48,0.44,0.595,0.238,18.5,79.2,47.1,75.0,8.1,12.5,16.2,100.0,89.7,101.8,,,6.0,18.0,1.0,4.0,9.0,0.667,5.0,8.0,1.0,3.0,10.0,10.0,6.0,2.0,3.0,7.0,4.0,21.0,3.0,1.0,1.0,1.0,0.667,20.1,50.4,23.7,86.4,3.0,19.3,50.0,43.7,200.0,113.0,1,0,240.0,240.0,37.0,90.0,0.411,12.0,34.0,0.353,15.0,21.0,0.714,10.0,44.0,54.0,22.0,11.0,5.0,13.0,21.0,101.0,,0.509,0.478,0.378,0.233,20.8,81.5,52.9,59.5,11.1,14.7,11.6,100.0,101.8,89.7,,,9.0,25.0,0.5,3.0,7.0,0.6,6.0,11.0,1.0,4.0,11.0,13.0,12.0,3.0,3.0,5.0,4.0,25.0,25.0,0.717,0.688,0.857,0.5,14.2,74.1,39.2,59.6,5.0,15.1,25.0,39.4,117.0,104.0,0,False
88,MIN,106,MEM,114,2022,2022-04-29,240.0,240.0,38.0,84.0,0.452,12.0,31.0,0.387,18.0,26.0,0.692,6.0,31.0,37.0,22.0,12.0,5.0,11.0,21.0,106.0,,0.555,0.524,0.369,0.31,13.3,66.0,40.2,57.9,12.3,9.3,10.3,100.0,108.3,116.5,,,10.0,24.0,0.889,5.0,10.0,0.833,6.0,9.0,0.75,2.0,9.0,10.0,5.0,3.0,2.0,4.0,6.0,30.0,4.0,1.115,1.167,0.75,0.474,17.4,22.6,17.0,27.7,13.9,7.3,36.4,38.2,213.0,124.0,1,0,240.0,240.0,40.0,86.0,0.465,15.0,32.0,0.469,19.0,24.0,0.792,16.0,39.0,55.0,24.0,7.0,8.0,18.0,21.0,114.0,,0.59,0.552,0.372,0.279,34.0,86.7,59.8,60.0,7.2,15.1,15.7,100.0,116.5,108.3,,,9.0,19.0,0.667,5.0,8.0,0.833,9.0,12.0,0.875,5.0,11.0,14.0,11.0,1.0,3.0,5.0,6.0,23.0,22.0,0.821,0.821,1.0,0.889,15.4,64.5,31.6,39.7,4.9,8.2,40.0,26.7,157.0,113.0,0,False
89,MEM,114,MIN,106,2022,2022-04-29,240.0,240.0,40.0,86.0,0.465,15.0,32.0,0.469,19.0,24.0,0.792,16.0,39.0,55.0,24.0,7.0,8.0,18.0,21.0,114.0,,0.59,0.552,0.372,0.279,34.0,86.7,59.8,60.0,7.2,15.1,15.7,100.0,116.5,108.3,,,9.0,19.0,0.667,5.0,8.0,0.833,9.0,12.0,0.875,5.0,11.0,14.0,11.0,1.0,3.0,5.0,6.0,23.0,22.0,0.821,0.821,1.0,0.889,15.4,64.5,31.6,39.7,4.9,8.2,40.0,26.7,157.0,113.0,0,1,240.0,240.0,38.0,84.0,0.452,12.0,31.0,0.387,18.0,26.0,0.692,6.0,31.0,37.0,22.0,12.0,5.0,11.0,21.0,106.0,,0.555,0.524,0.369,0.31,13.3,66.0,40.2,57.9,12.3,9.3,10.3,100.0,108.3,116.5,,,10.0,24.0,0.889,5.0,10.0,0.833,6.0,9.0,0.75,2.0,9.0,10.0,5.0,3.0,2.0,4.0,6.0,30.0,4.0,1.115,1.167,0.75,0.474,17.4,22.6,17.0,27.7,13.9,7.3,36.4,38.2,213.0,124.0,1,True
90,TOR,97,PHI,132,2022,2022-04-28,240.0,240.0,35.0,89.0,0.393,7.0,35.0,0.2,20.0,25.0,0.8,15.0,22.0,37.0,15.0,6.0,1.0,9.0,22.0,97.0,,0.485,0.433,0.393,0.281,28.8,68.8,44.0,42.9,6.6,2.4,8.3,100.0,107.1,145.7,,,9.0,20.0,1.0,2.0,7.0,0.333,9.0,10.0,1.0,4.0,7.0,10.0,7.0,3.0,1.0,3.0,6.0,25.0,1.0,0.718,1.0,1.0,3.0,82.7,33.3,51.2,30.5,3.6,3.7,20.0,45.7,148.0,152.0,1,0,240.0,240.0,47.0,81.0,0.58,16.0,40.0,0.4,22.0,23.0,0.957,10.0,37.0,47.0,32.0,4.0,4.0,11.0,22.0,132.0,,0.724,0.679,0.494,0.284,31.3,71.2,56.0,68.1,4.4,7.4,10.8,100.0,145.7,107.1,,,12.0,18.0,1.0,5.0,12.0,0.667,9.0,10.0,1.0,3.0,10.0,11.0,15.0,2.0,3.0,3.0,4.0,33.0,38.0,1.0,1.0,1.0,0.556,36.1,41.6,25.8,43.9,3.0,11.6,26.9,42.4,234.0,117.0,0,False
91,NOP,109,PHO,115,2022,2022-04-28,240.0,240.0,42.0,83.0,0.506,8.0,24.0,0.333,17.0,19.0,0.895,12.0,24.0,36.0,25.0,9.0,0.0,16.0,25.0,109.0,,0.597,0.554,0.289,0.229,30.8,82.8,52.9,59.5,9.8,0.0,14.9,100.0,118.6,125.2,,,8.0,19.0,0.714,4.0,7.0,0.571,5.0,5.0,1.0,6.0,6.0,8.0,11.0,4.0,0.0,6.0,5.0,21.0,10.0,0.857,0.857,1.0,0.625,35.2,37.8,32.2,36.0,5.3,0.0,22.8,26.7,220.0,131.0,1,0,240.0,240.0,45.0,75.0,0.6,8.0,20.0,0.4,17.0,18.0,0.944,5.0,27.0,32.0,23.0,8.0,2.0,14.0,21.0,115.0,,0.693,0.653,0.267,0.24,17.2,69.2,47.1,51.1,8.7,3.4,14.4,100.0,125.2,118.6,,,14.0,14.0,1.0,2.0,6.0,1.0,4.0,4.0,1.0,1.0,6.0,7.0,8.0,2.0,1.0,4.0,5.0,33.0,17.0,1.047,1.036,0.6,2.0,50.4,75.0,64.5,40.9,7.6,2.7,60.0,50.0,178.0,127.0,0,False
92,UTA,96,DAL,98,2022,2022-04-28,240.0,240.0,36.0,84.0,0.429,9.0,35.0,0.257,15.0,20.0,0.75,11.0,37.0,48.0,20.0,5.0,4.0,11.0,15.0,96.0,,0.517,0.482,0.417,0.238,24.4,92.5,56.5,55.6,5.5,10.8,10.6,100.0,106.5,108.7,,,9.0,17.0,1.0,3.0,7.0,0.5,4.0,4.0,1.0,4.0,11.0,12.0,9.0,1.0,1.0,5.0,5.0,23.0,11.0,1.0,1.0,0.6,0.667,27.4,42.8,26.8,44.7,13.7,4.4,21.6,28.3,207.0,114.0,1,0,240.0,240.0,36.0,80.0,0.45,17.0,43.0,0.395,9.0,11.0,0.818,3.0,34.0,37.0,22.0,6.0,4.0,9.0,19.0,98.0,,0.578,0.556,0.538,0.138,7.5,75.6,43.5,61.1,6.7,8.2,9.6,100.0,108.7,106.5,,,9.0,21.0,0.583,4.0,10.0,0.571,4.0,6.0,1.0,2.0,9.0,10.0,8.0,2.0,2.0,3.0,5.0,24.0,15.0,0.764,0.75,1.0,0.353,51.1,27.5,24.0,33.9,2.8,4.7,33.3,31.3,147.0,116.0,0,False
93,DAL,98,UTA,96,2022,2022-04-28,240.0,240.0,36.0,80.0,0.45,17.0,43.0,0.395,9.0,11.0,0.818,3.0,34.0,37.0,22.0,6.0,4.0,9.0,19.0,98.0,,0.578,0.556,0.538,0.138,7.5,75.6,43.5,61.1,6.7,8.2,9.6,100.0,108.7,106.5,,,9.0,21.0,0.583,4.0,10.0,0.571,4.0,6.0,1.0,2.0,9.0,10.0,8.0,2.0,2.0,3.0,5.0,24.0,15.0,0.764,0.75,1.0,0.353,51.1,27.5,24.0,33.9,2.8,4.7,33.3,31.3,147.0,116.0,0,1,240.0,240.0,36.0,84.0,0.429,9.0,35.0,0.257,15.0,20.0,0.75,11.0,37.0,48.0,20.0,5.0,4.0,11.0,15.0,96.0,,0.517,0.482,0.417,0.238,24.4,92.5,56.5,55.6,5.5,10.8,10.6,100.0,106.5,108.7,,,9.0,17.0,1.0,3.0,7.0,0.5,4.0,4.0,1.0,4.0,11.0,12.0,9.0,1.0,1.0,5.0,5.0,23.0,11.0,1.0,1.0,0.6,0.667,27.4,42.8,26.8,44.7,13.7,4.4,21.6,28.3,207.0,114.0,1,True
94,PHI,132,TOR,97,2022,2022-04-28,240.0,240.0,47.0,81.0,0.58,16.0,40.0,0.4,22.0,23.0,0.957,10.0,37.0,47.0,32.0,4.0,4.0,11.0,22.0,132.0,,0.724,0.679,0.494,0.284,31.3,71.2,56.0,68.1,4.4,7.4,10.8,100.0,145.7,107.1,,,12.0,18.0,1.0,5.0,12.0,0.667,9.0,10.0,1.0,3.0,10.0,11.0,15.0,2.0,3.0,3.0,4.0,33.0,38.0,1.0,1.0,1.0,0.556,36.1,41.6,25.8,43.9,3.0,11.6,26.9,42.4,234.0,117.0,0,1,240.0,240.0,35.0,89.0,0.393,7.0,35.0,0.2,20.0,25.0,0.8,15.0,22.0,37.0,15.0,6.0,1.0,9.0,22.0,97.0,,0.485,0.433,0.393,0.281,28.8,68.8,44.0,42.9,6.6,2.4,8.3,100.0,107.1,145.7,,,9.0,20.0,1.0,2.0,7.0,0.333,9.0,10.0,1.0,4.0,7.0,10.0,7.0,3.0,1.0,3.0,6.0,25.0,1.0,0.718,1.0,1.0,3.0,82.7,33.3,51.2,30.5,3.6,3.7,20.0,45.7,148.0,152.0,1,True
95,PHO,115,NOP,109,2022,2022-04-28,240.0,240.0,45.0,75.0,0.6,8.0,20.0,0.4,17.0,18.0,0.944,5.0,27.0,32.0,23.0,8.0,2.0,14.0,21.0,115.0,,0.693,0.653,0.267,0.24,17.2,69.2,47.1,51.1,8.7,3.4,14.4,100.0,125.2,118.6,,,14.0,14.0,1.0,2.0,6.0,1.0,4.0,4.0,1.0,1.0,6.0,7.0,8.0,2.0,1.0,4.0,5.0,33.0,17.0,1.047,1.036,0.6,2.0,50.4,75.0,64.5,40.9,7.6,2.7,60.0,50.0,178.0,127.0,0,1,240.0,240.0,42.0,83.0,0.506,8.0,24.0,0.333,17.0,19.0,0.895,12.0,24.0,36.0,25.0,9.0,0.0,16.0,25.0,109.0,,0.597,0.554,0.289,0.229,30.8,82.8,52.9,59.5,9.8,0.0,14.9,100.0,118.6,125.2,,,8.0,19.0,0.714,4.0,7.0,0.571,5.0,5.0,1.0,6.0,6.0,8.0,11.0,4.0,0.0,6.0,5.0,21.0,10.0,0.857,0.857,1.0,0.625,35.2,37.8,32.2,36.0,5.3,0.0,22.8,26.7,220.0,131.0,1,True
96,CHI,100,MIL,116,2022,2022-04-27,240.0,240.0,39.0,92.0,0.424,15.0,52.0,0.288,7.0,11.0,0.636,6.0,31.0,37.0,24.0,12.0,3.0,16.0,18.0,100.0,,0.516,0.505,0.565,0.12,12.0,81.6,42.0,61.5,11.5,5.9,14.2,100.0,96.2,111.6,,,9.0,16.0,0.692,4.0,13.0,0.571,2.0,3.0,1.0,2.0,14.0,16.0,7.0,7.0,2.0,4.0,5.0,23.0,5.0,0.829,0.846,0.818,0.375,5.2,75.8,32.7,73.8,12.1,5.1,31.1,28.6,238.0,119.0,0,1,240.0,240.0,43.0,87.0,0.494,14.0,36.0,0.389,16.0,20.0,0.8,7.0,44.0,51.0,23.0,10.0,2.0,16.0,13.0,116.0,,0.605,0.575,0.414,0.23,18.4,88.0,58.0,53.5,9.6,5.0,14.3,100.0,111.6,96.2,,,11.0,15.0,0.733,6.0,9.0,0.667,11.0,14.0,1.0,2.0,15.0,17.0,9.0,5.0,2.0,6.0,3.0,33.0,18.0,0.909,0.909,0.818,0.933,11.8,100.0,64.2,31.9,10.8,8.2,28.7,33.0,152.0,104.0,1,False
97,DEN,98,GSW,102,2022,2022-04-27,240.0,240.0,36.0,81.0,0.444,6.0,29.0,0.207,20.0,29.0,0.69,14.0,36.0,50.0,26.0,5.0,5.0,14.0,21.0,98.0,,0.523,0.481,0.358,0.358,31.1,85.7,57.5,72.2,5.4,9.8,13.0,100.0,106.4,110.8,,,12.0,18.0,0.667,2.0,6.0,0.667,6.0,8.0,1.0,5.0,16.0,19.0,8.0,1.0,2.0,6.0,5.0,30.0,4.0,0.738,0.75,1.0,0.727,13.4,56.8,32.6,65.8,3.4,5.8,21.8,40.5,217.0,118.0,0,1,240.0,240.0,37.0,82.0,0.451,13.0,31.0,0.419,15.0,21.0,0.714,6.0,31.0,37.0,28.0,10.0,6.0,9.0,22.0,102.0,,0.559,0.53,0.378,0.256,14.3,68.9,42.5,75.7,10.9,11.5,9.0,100.0,110.8,106.4,,,10.0,22.0,1.0,5.0,11.0,1.0,5.0,7.0,1.0,2.0,8.0,9.0,6.0,4.0,3.0,5.0,5.0,30.0,12.0,0.938,1.0,0.75,1.0,10.6,24.7,17.9,26.1,5.3,7.6,16.6,38.1,179.0,118.0,1,False
98,MIL,116,CHI,100,2022,2022-04-27,240.0,240.0,43.0,87.0,0.494,14.0,36.0,0.389,16.0,20.0,0.8,7.0,44.0,51.0,23.0,10.0,2.0,16.0,13.0,116.0,,0.605,0.575,0.414,0.23,18.4,88.0,58.0,53.5,9.6,5.0,14.3,100.0,111.6,96.2,,,11.0,15.0,0.733,6.0,9.0,0.667,11.0,14.0,1.0,2.0,15.0,17.0,9.0,5.0,2.0,6.0,3.0,33.0,18.0,0.909,0.909,0.818,0.933,11.8,100.0,64.2,31.9,10.8,8.2,28.7,33.0,152.0,104.0,1,0,240.0,240.0,39.0,92.0,0.424,15.0,52.0,0.288,7.0,11.0,0.636,6.0,31.0,37.0,24.0,12.0,3.0,16.0,18.0,100.0,,0.516,0.505,0.565,0.12,12.0,81.6,42.0,61.5,11.5,5.9,14.2,100.0,96.2,111.6,,,9.0,16.0,0.692,4.0,13.0,0.571,2.0,3.0,1.0,2.0,14.0,16.0,7.0,7.0,2.0,4.0,5.0,23.0,5.0,0.829,0.846,0.818,0.375,5.2,75.8,32.7,73.8,12.1,5.1,31.1,28.6,238.0,119.0,0,True
99,GSW,102,DEN,98,2022,2022-04-27,240.0,240.0,37.0,82.0,0.451,13.0,31.0,0.419,15.0,21.0,0.714,6.0,31.0,37.0,28.0,10.0,6.0,9.0,22.0,102.0,,0.559,0.53,0.378,0.256,14.3,68.9,42.5,75.7,10.9,11.5,9.0,100.0,110.8,106.4,,,10.0,22.0,1.0,5.0,11.0,1.0,5.0,7.0,1.0,2.0,8.0,9.0,6.0,4.0,3.0,5.0,5.0,30.0,12.0,0.938,1.0,0.75,1.0,10.6,24.7,17.9,26.1,5.3,7.6,16.6,38.1,179.0,118.0,1,0,240.0,240.0,36.0,81.0,0.444,6.0,29.0,0.207,20.0,29.0,0.69,14.0,36.0,50.0,26.0,5.0,5.0,14.0,21.0,98.0,,0.523,0.481,0.358,0.358,31.1,85.7,57.5,72.2,5.4,9.8,13.0,100.0,106.4,110.8,,,12.0,18.0,0.667,2.0,6.0,0.667,6.0,8.0,1.0,5.0,16.0,19.0,8.0,1.0,2.0,6.0,5.0,30.0,4.0,0.738,0.75,1.0,0.727,13.4,56.8,32.6,65.8,3.4,5.8,21.8,40.5,217.0,118.0,0,True
